Text,label 1,label 2,accident_predicted,ner_locations
বান্দরবানে উজানী পাড়ায় মারমা বাজারে ভয়াবহ অগ্নিকাণ্ড! এতে বেশ কয়েকটি ঘরবাড়ি ও দোকানপাট নিমিষেই পুড়ে ছাই হয়ে গেছে।,1,natural disaster,1,"['বান', 'দর', 'মারমা']"
"রাঙামাটিতে মুদি দোকানে চু-রি: এসপি অফিস সংলগ্ন দোকান থেকে খাদ্যপণ্য ভর্তি বস্তা নিয়ে উধাও দুই যুবক, সিসিটিভিতে ধরা পড়েছে দৃশ্য।",1,crime,1,['রাঙামাটিতে']
মানিকছড়িতে প্রকাশ্য হা-মলা; লোহার রড ও ধারালো অ-স্ত্রের আ-ঘা-তে আ-হত ৩।,1,crime,1,"['মানিক', 'ডি']"
রাঙামাটি রিজার্ভ বাজার লঞ্চঘাটে চু-রি: দোকান থেকে মুহূর্তেই উধাও ৪ লাখ ৫০ হাজার টাকা।,1,crime,1,"['রাঙামাটি', 'রিজা', 'বাজার', 'ঘাটে']"
রাঙামাটির কাউখালী উপজেলায় নির্মাণকাজ করতে গিয়ে বিদ্যুৎস্পৃষ্ট হয়ে গুরুতর আহত এক রড মিস্ত্রির মৃত্যু হয়েছে।,1,natural disaster,1,"['রাঙামাটির', 'কাউখালী']"
কাপ্তাই হ্রদে ট্যুরিষ্ট বোটে মাদ-কের আসর; যৌথঅভিযানে মদ-ইয়া-বাসহ আ-টক-৮।,1,crime,1,"['কাপ', 'তাই', 'হর', 'দে']"
"বিলাইছড়ির কেংড়াছড়িতে গভীর রাতে ভয়া-বহ অ-গ্নিকাণ্ডে আ-গু-নে পুড়ে ছাই ইউপি সদস্য কাসেম মেম্বারের বসতবাড়ি, সর্বস্ব হারিয়ে নিঃস্ব পরিবার।",1,natural disaster,1,"['বিল', 'াই', 'ডির', 'কে', 'ডা', 'ডি']"
রাঙামাটিতে ভয়া-বহ সড়ক দুর্ঘ-টনা: শহরের প্রবেশমুখ টিভি সেন্টার এলাকায় প্রাণ গেল বেদে সম্প্রদায়ের এক নারীর।,1,road accident,1,"['রাঙামাটিতে', 'শহরের', 'পরবে', 'শম', 'টিভি', 'সেন', 'টার']"
"চাঁদের গাড়ি ও সিএনজির মুখোমুখি সং-ঘর্ষে আ-হত ৬, চারজনকে চট্টগ্রামে রেফার।",1,road accident,1,[]
কাপ্তাই হ্রদে পর্যটকবাহী নৌদু-র্ঘট-নায় স্বপ্রণোদিত হয়ে তদন্তের নির্দেশ আদালতের।,1,waterway,1,"['কাপ', 'তাই', 'হর', 'দে']"
বান্দরবানে আগুনে পুড়ল ৬টি বসতঘর ও ২টি দোকান...,1,natural disaster,1,"['বান', 'দর']"
"ফটিকছড়ি হারুয়ালছড়ি পাটিয়ালছড়ি চৌধুরী পাড়ার উত্তর ভ-য়া-বহ মোটরসাইকেল সড়ক দু-র্ঘ""ট-না-য় ১জন গু-রু-ত-র আহত!কারো পরিচিত হলে দ্রুত নাজিরহাট মেডিকেলে যোগাযোগ করুন। লোকটির সাথে কেউ না থাকায় স্থানীয় লোকেরা মেডিকেল নিয়ে গেছে।",1,road accident,1,"['ফটিক', 'ডি', 'হার', 'যা', 'পাটি']"
রোয়াংছড়িতে জনতার হাতে ৪ গরুচোর আটক,1,crime,1,"['রে', 'ায', 'াং', 'ডি']"
থানচি সীমান্তে সড়ক দূর্ঘটনায় চালক নিহত,1,road accident,1,['থানচি']
লামা লাইঝিরি সড়ক দুর্ঘটনা আহত ১ লামায় সড়ক দুর্ঘটনা ড্রাইভার গুরতর আহত।,1,road accident,1,"['লামা', 'লাই', 'ঝিরি']"
সাজেকে সড়ক দুর্ঘটনায় নি*হ*ত খুলনা বিশ্ববিদ্যালয়ের শিক্ষার্থী রুবিনা আফসানা রিংকির লা*শ হেলিকপ্টার যোগে গাইবান্ধা নিজ বাড়িতে পৌঁছে দিল বাংলাদেশ সেনাবাহিনী,1,road accident,1,['সাজেক']
"বান্দরবানে চাঁদের গাড়ী উল্টে এক নারী নিহত, আহত- ৬",1,road accident,1,"['বান', 'দর']"
বান্দরবানের লামা-সুয়ালক সড়কের ভয়াবহ অবস্থা। সড়ই ইউনিয়নের টংগঝিরি পয়েন্টে বৃষ্টির অজুহাতে বিশালাকৃতির খানাখন্দ সংস্কার করছে না কর্তৃপক্ষ। দীর্ঘদিন ধরে এই সড়ক ব্যবহারকারীরা পড়েছেন চরম ভোগান্তিতে। পথচারী ও গাড়ীর চালকরা অসহায়ত্ব প্রকাশ করে কর্তৃপক্ষের দৃষ্টি আকর্ষণ করেন,0,normal,0,"['বান', 'দর', 'বানের', 'লামা', 'যন', 'ের', 'টং', 'ঝিরি']"
"খরুলিয়ায় বেপরোয়া গতির যাত্রীবাহী মারসা গাড়ির সাথে গাছের ধাক্কা, সড়ক থেকে পড়ে গেল বিলে",1,road accident,1,[]
খাগড়াছড়িতে মগ লিবারেশন পার্টির সশস্ত্র শাখার প্রধান নিহত,1,crime,1,"['খাগ', 'ডা', 'ডি']"
পাহাড় ধ্বসে বিপর্যস্ত জনপদ বিচ্ছিন্ন যোগাযোগ। লামা পৌরসভার ৫ নং ওয়ার্ডে পাহাড় ধ্বসে আরসিসি সড়ক ব্লক। এর ফলে ছাত্রছাত্রীরাসহ গ্রামবাসীরা চরম দুর্ভোগে পড়েছে। দ্রুত মাটি অপসারণের দাবি।,1,natural disaster,1,['লামা']
দুর্ঘটনা বান্দরবানের লামা-আলীকদম সড়কের কুমারী এলাকার কবিরার দোকানের পূর্ব পার্শে রাত সাড়ে ৯টার সময় ২টি পিকাপ গাড়ীর মুখোমুখি সংঘর্ষ হয়েছ। ,1,road accident,1,"['বান', 'দর', 'বানের', 'লামা', 'আলীকদম']"
"সাজেক সড়কে পাহাড় ধস, আটকা পড়েছেন ৪ শতাধিক পর্যটক রাতভর ভারী বৃষ্টিপাতের কারণে দীঘিনালা-সাজেক সড়কে পাহাড় ধসের ঘটনা ঘটেছে। এতে সাজেকে আটকা পড়েছে ৪ শতাধিক পর্যটক। সে সাথে এ সড়কে পর্যটকবাহী গাড়িসহ সকল যানবাহন চলাচল সাময়িকভাবে বন্ধ রয়েছে। বুধবার দিবাগত রাতে সাজেক-দীঘিনালা সড়কের নন্দারাম এলাকায় এ পাহাড় ধসের ঘটনা ঘটে। সড়ক যোগাযোগ স্বাভাবিক রাখতে ইতোমধ্যে সড়কের মাটি সরাতে শুরু করেছে ফায়ার সার্ভিসের কর্মীরা।",1,natural disaster,1,"['সাজেক', 'দীঘিনালা']"
লামায় নিয়ন্ত্রন হারিয়ে ট্রাক চালক নিহত,1,road accident,1,['লামা']
মদ খেয়ে নদী পারাপারের সময় নিখোঁজের একদিন পর উসাচিং মার্মার (৫০) ভাসমান লাশ উদ্ধার.... বান্দরবানের লামা মাতামুহুরী নদী পার হতে গিয়ে দুর্ঘটনা। ,1,waterway,1,"['বান', 'দর', 'বানের', 'লামা']"
বান্দরবানে চাঁদাবাজীকে কেন্দ্র করে সেনাবাহিনীর সাথে জেএসএসের গো/লা-গুলি- জেএসএস এর এক স*ন্ত্রা/সী নি*হত,1,crime,1,"['বান', 'দর']"
আবারো সড়ক দু'র্ঘট'না এবার ট্রাক ও হায়েস। এটি চট্টগ্রামের চট্টগ্রাম খাগড়াছড়ি মহাসড়কের মনিয়া পুকুর পাড় এলাকায় হয়,1,road accident,1,"['খাগ', 'ডা', 'ডি', 'সড']"
সাজেক–বাঘাইহাটে ব্লাড ক্যাম্পেইন শেষ করে ফেরার পথে দীঘিনালা ৮ মাইল এলাকায় একটি ভয়াবহ মাহিন্দ্রা ও মোটরসাইকেল দুর্ঘটনা ঘটে।,1,road accident,1,"['সাজেক', 'দীঘিনালা']"
"মানিকছড়িতে সকাল সকাল ভয়াবহ সড়ক দুর্ঘটনা।। শান্তি এক্সপ্রেস ও সিএনজি সংঘর্ষ আহত ৭ জন,,, এই বড় গাড়ী গুলো যেমনে চালায়,, মনে হয় যেনো ঢাকা মাওয়া ভাঙ্গা মহাসড়কে চালায়,, এরা ছোট ছোট গাড়ীগুলোকে মূল্যায়নই করে না, আল্লাহ সবার সহায় হোন।",1,road accident,1,"['মানিক', 'ডি']"
"মাটিরাঙ্গায় কাভার্ড ভ্যান দুর্ঘটনায় চালক-হেলপার গুরুতর আহত, খাগড়াছড়ি জেলার মাটিরাঙ্গা উপজেলার বাইল্যাছড়ি যৌথ খামার এলাকায় ভয়াবহ সড়ক দুর্ঘটনা ঘটেছে। জনপ্রিয় ফোরস্টার ট্রান্সপোর্ট সার্ভিসের একটি কাভার্ড ভ্যান নিয়ন্ত্রণ হারিয়ে রাস্তার পাশের বড় একটি গাছের সাথে জোরে ধাক্কা খেলে ঘটনাস্থলেই চালক ও হেলপার গুরুতর আহত হন।",1,road accident,1,"['মাটির', 'গা', 'খাগ', 'ডা', 'ডি', 'উপজেলার', 'বাইল', 'যা']"
সাপমারা এলাকায় জীপগাড়ির সাথে শান্তি পরিবহনের মুখোমুখি সংঘর্ষ।,1,road accident,1,[]
চট্টগ্রাম খাগড়াছড়ি মহাসড়কের ফটিকছড়ি পাইন্দং আমতল এলাকায় ভ*য়াবহ মোটরসাইকেল সড়ক দু*র্ঘটনায় পুলিশসহ নি*হত ২জন।,1,road accident,1,"['চট', 'গরা', 'খাগ', 'ডা', 'ডি', 'মহা', 'সড', 'কে', 'ফটিক']"
"আজ সকালে খাগড়াছড়ি থেকে চট্রগ্রামের উদ্দেশ্যে ছেড়ে যাওয়া শান্তি এক্সপ্রেস এর একটি বাস জালিয়া পাড়া পার হয়ে হাতিমুড়া নামক এলাকায় পৌঁছালে, একটি মোটর সাইকেলের সাথে মুখোমুখি সংঘর্ষে'র ঘটনা ঘটে। এ ঘটনায় একজন নি'হ'ত হয়েছেন বলে খবর পাওয়া গেছে",1,road accident,1,"['আজ', 'সকালে', 'খাগ', 'ডা', 'ডি']"
আলুটিলা নামার সময় একটি শান্তির পরিবহন চাকা পাংচার হয়ে উল্টৈ যায়।,1,road accident,1,"['আল', 'টিলা']"
খাগড়াছড়ি--চট্টগ্রাম সড়কে মাটিরাঙ্গার সাপমারা এলাকায় শান্তি পরিবহনের এ গাড়িটি উল্টে যায়। এতে কমবেশি সবাই আহত হওয়ার খবর পাওয়া গেছে।,1,road accident,1,"['মাটির', 'গার']"
কিছুক্ষণ আগে সাজেক কিঃমিঃ নামক স্থানে বিজিবির গাড়ি নিয়ন্ত্রণ হারিয়ে ৩০ফিট নিচে চলে যায়।,1,road accident,1,['সাজেক']
খাগড়াছড়ি আলুটিলা - জিরোমাইল সড়কে নিয়ন্ত্রণ হারিয়ে পাথর বোঝায় ট্রাক উল্টে যায়! ভ য়া ব হ সড়ক দূর্ঘটনা তবে চালক ও হেলপার দুজনেই সুস্থ আছেন!,1,road accident,1,"['খাগ', 'ডা', 'ডি', 'আল', 'টিলা', 'জি', 'রে', 'ামা', 'ইল']"
আলুটিলায় আবারও দূ'র্ঘটনার কবলে শান্তি পরিবহনের গাড়ি। চালকের কৌশলে বড় দূ'র্ঘটনা থেকে রক্ষা। সকল যাত্রী সুস্থ এবং স্বাভাবিক আছেন।,1,road accident,1,"['আল', 'টিলা']"
মানিকছড়িতে শান্তি এক্সপ্রেস ও সিএনজির সং'ঘ'র্ষে ৭জন আহত।,1,road accident,1,"['মানিক', 'ডি']"
খাগড়াছড়ি থেকে চট্টগ্রামের উদ্দেশ্যে ছেড়ে যাওয়া শান্তি এক্সপ্রেস গাড়িটানা বাজারের একটু আগে সিএনজির সাথে মুখোমুখি সংঘর্ষ হয়,1,road accident,1,"['খাগ', 'ডা', 'ডি']"
খাগড়াছড়ি-দীঘিনালা সড়কে বাঁক ঘুরতে গিয়ে সড়কের বাইরে শান্তি পরিবহন। ৪ দিন আগে এ সড়ক আরও ৬ ফুট প্রশস্তকরণের কাজ শুরু হয়েছে। তবে ৪ দিনের মধ্যে ২ দিনই কাজ বন্ধ ছিল। এভাবে কাজ চললে নির্ধারিত সময়ের মধ্যে কাজ শেষ করা কখনোই সম্ভব হবেনা। দুর্ঘটনা রোধে সড়ক প্রশস্তকরণের এ কাজ দ্রুত শেষ করতে হবে।,1,road accident,1,['দীঘিনালা']
মানিকছড়ির গাড়ীটানায় বালুবাহী ট্রাক উল্টে চালক গুরুতর আহত। বুধবার দুপুরে যোগ্যাছোলা থেকে বালু নিয়ে চট্টগ্রাম যাওয়ার পথে গাড়ীটানা বাজারের পূর্বে পাহাড় উঠার সময় এই দূর্ঘটনা ঘটে।,1,road accident,1,"['বধ', 'বার', 'দপ', 'রে']"
খাগড়াছড়ি চেঙ্গী ব্রিজে ভ য়া বহ সড়ক দূর্ঘটনা!,1,road accident,1,"['খাগ', 'ডা', 'ডি']"
খাগড়াছড়ির আলুটিলায় মাইক্রোবাস ও মোটরসাইকেলের মুখোমুখি সংঘর্ষে আহত ২,1,road accident,1,"['খাগ', 'ডা', 'ডির', 'আল', 'টিলা']"
রাঙামাটির কুতুকছড়ি বাজারে বাঁশবাহী ট্রাক উল্টে দুর্ঘটনা,1,road accident,1,"['রাঙামাটির', 'কতক', 'ডি']"
মাটিরাঙ্গা বাইল্যাছড়ি যৌথ খামার এলাকায় খাগড়াছড়ি ফোরস্টার ট্রান্সপোর্ট সার্ভিসের কাভার্ড ভ্যান বেপরোয়া গতির কারণে গাছের সাথে ধাক্কা দেয়।,1,road accident,1,"['মাটির', 'গা', 'বাইল', 'যা', 'ডি', 'খামার', 'এলাকা', 'খাগ', 'ডা']"
মহালছড়িতে পানিতে ডুবে শিশুর মৃত্যু। খাগড়াছড়ির মহালছড়ি উপজেলায় পানিতে ডুবে মো. জুবায়ের হোসেন (৫) নামে এক শিশুর মর্মান্তিক মৃত্যু হয়েছে। সোমবার (৮ সেপ্টেম্বর ২০২৫) দুপুরে উপজেলার মাইসছড়ি ইউনিয়নের কালাপাহাড় এলাকায় এ ঘটনা ঘটে,1,waterway,1,"['মহাল', 'ডি', 'খাগ', 'ডা', 'ডির', 'দপ', 'রে', 'উপজেলার', 'মাইস']"
আবারো আলুটিলায় মর্মা'ন্তিক দূ'র'ঘ'ট'না আ'হ'ত হয়েছেন বেশ কয়েক জন।,1,road accident,1,"['আবার', 'আল', 'টিলা']"
মাটিরাঙ্গা আর্মি জোন সংলগ্ন এলাকায় শান্তি গাড়ি - মোটরসাইকেল সংঘর্ষে নি/হ/ত ১..।,1,road accident,1,"['মাটির', 'গা']"
খাগড়াছড়ি উচ্চ বিদ্যালয় মাঠের দক্ষিণ কন্যার বরাবর পুকুরপাড়ের রাস্তার মধ্যে একটি বড় গর্ত বেশ কিছুদিন ধরে আমাদের চোখে পড়তেছে,0,normal,0,"['খাগ', 'ডা', 'ডি']"
খাগড়াছড়ি দীঘিনালায়-সড়ক-দুর্ঘটনায়-১-জন-নিহত,1,road accident,1,"['খাগ', 'ডা', 'ডি', 'দীঘিনালা']"
"অদক্ষ চালক, ফিটনেস বিহীন গাড়ি বেপরোয়া গতির জন্যই সাজকে আসা যাওয়ার সময় দূর্ঘটনা ঘটার মূল কারণ",1,road accident,1,[]
"খাগড়াছড়ি রাঙ্গামাটি মহালছড়ি সড়কে রবিবার ( ১২ই নভেম্বর ) বিকাল ৫টায় গোগড়াছড়িতে ট্রাক এ'ক্সি'ডে'ন্ট দু'র্ঘ'ট'না' ঘটে,কারো হ'তা''হ''তে'র খবর পাওয়া যায়নি।",1,road accident,1,"['খাগ', 'ডা', 'ডি', 'রা', 'গামা', 'টি', 'মহাল', 'বিকাল', 'টা', 'গে', 'াগ']"
আজ মহালছড়ি পাকুজ্যাছড়ি জামতলা নামক স্থানে পানিতে ডুবে দুই ভাইবোনের মৃত্যু হয়েছে।,1,waterway,1,"['আজ', 'মহাল', 'ডি', 'পাক', 'যা']"
"চট্টগ্রাম থেকে খাগড়াছড়ি ছেড়ে আসা শান্তি এক্সপ্রেস বাস টি হাতিমুরা ক্যাম্পের নিচে নিয়ন্ত্রণ হারিয়ে গাছের সাথে ধা""ক্কা লেগে ২০ যাত্রী আ""হ""ত ৫ থেকে ৭ জন আ""শং""কা জনক",1,road accident,1,"['খাগ', 'ডা', 'ডি']"
হায়রে দুর্ঘটনা ডাক্তার রাজেন্দ্র স্যারের গাড়ির সাথে অটোরিকশার সংঘর্ষে ঘটনা স্থলে অটো ড্রাইভারের মৃত্যু,1,road accident,1,[]
মানিকছড়ির ভোলাইয়াপাড়ায় বসতবাড়িতে অগ্নিকাণ্ড ।,1,natural disaster,1,[]
"এইমাত্র গুইমারা উপজেলার বাইল্যাছড়ি (স্কুল পাড়া) এলাকায় একটি ভয়াবহ সড়ক দুর্ঘটনা ঘটেছে। ঘটনার বিবরণে জানা যায়, একটি মোটরসাইকেল এবং শান্তি পরিবহনের একটি বাসের মধ্যে সরাসরি সংঘর্ষ হয়।",1,road accident,1,"['ইম', 'ারা', 'উপজেলার', 'বাইল', 'যা', 'ডি']"
নারে ভাই আমি গেছিলাম একবার পানছড়ি রাস্তায় উগ্রপন্থি বর আইএস জঙ্গি  আছে একটুর জন্য বেঁচে গেছি😭😭😭,1,crime,0,"['গেছিল', 'াম', 'একবার', 'পান', 'ডি']"
মহালছড়ি বাজারে আগুন লাগছে,1,natural disaster,1,"['মহাল', 'ডি']"
ঢাকা থেকে ছেড়ে আসা শান্তি পরিবহন ১৪-৭২৯৬ গাড়িটি আজ ভোরবেলা আনুমানিক ৬টা নাগাদ জালিয়াপাড়ার আগে (নাম না জানা কোনো এক স্পটে) পাহাড় থেকে নিচে খাদে পড়ে যায়। হতাহতের চূড়ান্ত কোনো খবর না পাওয়ায় উল্লেখ করিনি।,1,road accident,1,[]
সাপমারা এলাকায় জীপগাড়ির সাথে শান্তি পরিবহনের মুখোমুখি সং'ঘ'র্ষ।,1,road accident,1,[]
দীঘিনালা-খাগড়াছড়ি সড়কের ভৈরফা এলাকায় সিমেন্ট বোঝাই ট্রাক উল্টে ড্রাইভার সহ অন্তত ৩ জন আহত হয়েছে।,1,road accident,1,"['দীঘিনালা', 'খাগ', 'ডা', 'ডি']"
সাজেক সড়কের হাউজ পাড়া এলাকায় পর্যটক বাহী জীপ (চান্দের গাড়ী) নিয়ন্ত্রণ হারিয়ে খাদে পড়ে বেশ কয়েকজন আহত!!,1,road accident,1,['সাজেক']
"আবারো নিয়ন্ত্রণ হারিয়ে ভয়াবহ দূর্ঘটনা বুদংপাড়াতে,, সকাল ৬ টার দিকে ঘটনাটি ঘটে।",1,road accident,1,[]
মহালছড়ি সিন্দুক ছড়ি সড়ক দুর্ঘটনা,1,road accident,1,"['মহাল', 'ডি']"
আজ বুধবার ( ২১ ফেব্রুয়ারি ) সকাল ১০:১৫ ঘটিকায় খাগড়াছড়ি জেলা মাটিরাংগা সাপমাড়া এলাকায় সাজেক পরিবহন ও ট্যুরিস্ট গাড়ি রকি পরিবহন মুখোমুখি সংঘর্ষে ঘটনাস্থলে ১ জন নিহত। এবং সাজেক পরিবহনের সবাই গুরুতর আহত হন।,1,road accident,1,"['খাগ', 'ডা', 'ডি', 'সাজেক']"
খাগড়াছড়ি টু বারাইয়ার হাট রোড তো রোড নয় এ যেন এক মরণ রোড একদিনেই তিনটি সড়ক দুর্ঘটনা ঘটে গেলো।,1,road accident,1,"['খাগ', 'ডা', 'ডি']"
রাঙামাটি সদরের ঘাগড়া বাঁকে সড়ক দুর্ঘটনা ঘটেছে।,1,road accident,1,['রাঙামাটি']
মর্মান্তিক এক্সিডেন্ট। চট্টগ্রাম করসিন কর্ণফুলীএলাকায়।,1,road accident,1,[]
কালকে রাত অনুমানিক ২.২০ মিনিটে খাগড়াছড়ি জয় নার্সারীর সামনে থেকে এ গাড়িটি চুরি হয়,1,crime,0,"['মিনিটে', 'খাগ', 'ডা', 'ডি']"
খাগড়াছড়ির আলুটিলা পর্যটন কেন্দ্র ‘তারেং’-এ বেড়াতে গিয়ে চাকমা সম্প্রদায়ের এক স্কুল শিক্ষিকাকে অস্ত্রের মুখে ধর্ষণ করা হয়। সেনাবাহিনীর সহযোগিতায় ধর্ষক মোটরসাইকেল চালক লিটন ত্রিপুরাকে আটক করেছে পুলিশ।,1,crime,1,"['খাগ', 'ডা', 'ডির', 'আল', 'টিলা']"
দীঘিনালা উপজেলার বোয়ালখালী নতুন বাজার ব্যবসায়ী Barua Ajit দাদার মিউজিক জোন মোবাইল দোকানটি সোমবার মধ্য রাতে চুরি হয়েছে। আশেপাশে কাউকে সন্দেহ হলে তথ্য দিয়ে সহযোগিতা করার জন্য অনুরোধ করছি।,1,crime,0,['দীঘিনালা']
আজ ভোর ৪.৩০টায় খাগড়াছড়ি সদরের নয়নপুরের হোসাইন ভাইয়ের বাসা থেকে নতুন এই বৈদ্যুতিক অটো রিক্সাটি চুরি হয়ে গেছে।,1,crime,1,"['খাগ', 'ডা', 'ডি', 'সদরের', 'নয', 'পরের']"
মহাজন পাড়া প্রাইমারি স্কুল এর অপজিট আব্দুল্লাহ মাকাম এর চতুর্থ তলার ৪০১ নং বাসায় চুরি হয় আমার একজন দিদির বাসায়।,1,crime,0,[]
"আসরের নামাজের আগ দিয়ে, শহর সমাজসেবা অফিস খাগড়াছড়ি সদর এর পাশে সুজুকি হায়াতি ১১০ সিসি বাইকটি চুরি হয়ে যায়, সবার সাহায্য কামনা করছি।",1,crime,0,"['শহর', 'সমাজসেবা', 'অফিস', 'খাগ', 'ডা', 'ডি']"
"নয়নপুর, রুখই চৌধুরী পাড়া এলাকায় গত বুধবার দুপুর ১২:৪০ থেকে ১২:৫৬ এর মধ্যে তৃতীয় তলায় চুরি করার চেষ্টা করেন, কিন্তু তাতে সম্ভব হয়নি বিদায় পাশের বাসায় ১ তলায় ভাড়াটিয়া না থাকায় তালা মারা অবস্থা দেখে সে অটোমেটি তালা খুলে বাসায় ঢুকে চুরি করে",1,crime,0,"['বধ', 'বার', 'দপ']"
খাগড়াছড়ি বায়তুশ শরফ মাদ্রাসার অফিস সহকারী ( কাম-কম্পিউটার অপারেটর) জনাব Asraful Islam  এর সাইকেলটি চুরি হয়েছে আজ  রাত ৮ থেকে ৮.৩০ এর মধ্যে ।,1,crime,1,"['খাগ', 'ডা', 'ডি']"
প্রাতকাল(২৮.১০.২২) এশারের পর খাগড়াছড়ি কলেজ গেইট খেজুর বাগান জামে মসজিদ থেকে ২টি দান boxথেকে টাকা ছুরি হয়েছে....,1,crime,1,"['এশার', 'ের', 'পর', 'খাগ', 'ডা', 'ডি']"
"আমাদের খাগড়াছড়ির বন্ধু ""রুমেন্টু চাকমা""র মোটরসাইকেল টি রাঙ্গামাটি হতে চুরি হয়ে যায়, গতকাল থানায় মামলা করা হয়, কোন সহৃদয়বান বন্ধু যদি পেয়ে থাক কিংবা খুঁজে দিতে পার,,, তাকে পুরস্কৃত করা হবে",1,crime,1,"['খাগ', 'ডা']"
"মোবাইল দোকান,মুদি দোকান সহ অসংখ্য চুরি করে ,তারপর গুলি করে সরাসরি খাগড়াছড়ি সন্ত্রাসী সংগঠন ইউপিডিএফ ,ও পাহাড়ি পরিষদ",1,crime,1,"['খাগ', 'ডা', 'ডি']"
জুড়াইছড়ি-রাঙামাটি নৌ-পথে বড় দুর্ঘটনা থেকে অল্পের জন্য রক্ষা। আজ ১: ৩০ দুর্ঘটনা হয়!,1,waterway,1,['রাঙামাটি']
লামায় যান্ত্রিক ত্রুটির কারনে মিনি ট্রাক খাদে,1,road accident,0,['লামা']
খাগড়াছড়ির আলুটিলা সড়কে নিয়ন্ত্রণ হারিয়ে প্রাইভেট কার উল্টে রাস্তার বাইরে।,1,road accident,1,"['খাগ', 'ডা', 'ডির', 'আল', 'টিলা']"
খাগড়াছড়ি দীঘিনালা সড়কে আবারও দুর্ঘটনা ঘটেছে। আজ খাগড়াছড়ি দীঘিনালা সড়কের জামতলী বাঙালি পাড়া এলাকায় শান্তি এক্সপ্রেস পরিবহনের একটি বাস দুর্ঘটনার কবলে পড়ে। প্রত্যক্ষদর্শীদের তোলা ছবিতে দেখা যায় বাসটি রাস্তার পাশের গর্তে বিপজ্জনকভাবে হেলে আছে।,1,road accident,1,"['খাগ', 'ডা', 'ডি', 'দীঘিনালা', 'আজ']"
খাগড়াছড়ির পানছড়িতে প্রতিপক্ষের গুলিতে ইউপিডিএফ গণতান্ত্রিকের সংগঠক নিহত,1,crime,1,"['খাগ', 'ডা', 'ডির', 'পান', 'ডি']"
আজ বড় বিপদ থেকে সবাই প্রাণে বেচে গেলাম ।জুরাছড়ি থেকে রাঙামাটি লঞ্চ। হঠাৎ গাছের ডাক্কা খেয়ে চিদ্র হয়ে পানি উঠতে শুরু হওয়াতে কোনরকমে রাস্তার মাথার নিচে এসে লঞ্চ থামিয়ে দ্রুত মানুষ আর মালামাল নামতে পারে। ভগবান সবাইকে রক্ষা করেছে,1,waterway,1,"['জরা', 'ডি', 'রাঙামাটি']"
"গুইমারায় নিয়ন্ত্রণ হারিয়ে সড়কের বাইরে বাস, হতাহতের খবর নেই।",1,road accident,1,"['ইম', 'ারা']"
খাগড়াছড়ি পার্বত্য জেলার গুইমারা উপজেলায় বুদংপাড়া এলাকায় নিয়ন্ত্রণ হারিয়ে একটি যাত্রীবাহী বাস দুর্ঘটনার কবলে পড়েছে। এতে বাসের ভেতরে থাকা অনেক যাত্রী আহত হয়েছেন৷ তবে কোনো হতাহতের ঘটনা ঘটেনি।,1,road accident,1,"['খাগ', 'ডা', 'ডি', 'ইম', 'ারা', 'উপজেলা', 'বদ', 'পা']"
গুইমারায় বজ্রপাতে এক ব্যক্তির মর্মান্তিক মৃ-ত্যু।,1,natural disaster,1,"['ইম', 'ারা']"
খাগড়াছড়ির দীঘিনালায় বজ্রপাতে বিকাশ চাকমা নামে এক ব্যক্তির মৃ/ত্যু।,1,natural disaster,1,['দীঘিনালা']
"আজ ভোর বেলায় দিঘীনালার বোয়ালখালি নতুন বাজারে এক ভয়াবহ অগ্নিকান্ড ঘটনা ঘটে,",1,natural disaster,1,[]
আলুটিলার সাপমারায় শান্তি পরিবহন ও লোকাল বাসের সংঘর্ষ!,1,road accident,1,"['আল', 'টিলা']"
দীঘিনালায় দুর্যোগে আটকে পড়াদের উদ্ধার করল সেনাবাহিনী।,1,natural disaster,1,['দীঘিনালা']
 বান্দরবানের লামা উপজেলাতে লাকড়ি বোঝাই একটি ট্রাক নিয়ন্ত্রণ হারিয়ে প্রায় ২০০ ফুট গভীর পাহাড়ি খাদে পড়ে চালকসহ দুইজন নিহত হয়েছেন।,1,road accident,1,"['বান', 'দর', 'বানের', 'লামা']"
"বান্দরবান ট্রাফিক মোড়ে বেপোরোয়া ভাবে গাড়ি চালাতে গিয়ে বড় দূর্ঘটনা! সাদা বোলারো টি উড়ে এসে পৌরসভার রাস্তার পিলার ওয়ালা লাইট ২টা, রিক্সা একটা সহ বড় ট্রাক কে ধাক্কা দেয়!",1,road accident,1,"['বান', 'দর']"
বান্দরবানে পাহাড়ের পাদদেশে পাওয়া গেল মা–মেয়ের মরদেহ |,1,crime,1,"['বান', 'দর']"
নাইক্ষ্যংছড়ি সীমান্তে চোরাকারবারীদের হামলায় বিজিবি'র ২ সদস্য আহত |,1,crime,1,"['নাই', 'কষ', 'ডি']"
"বান্দরবানে কিশোর গ্যাংয়ের হা'ম'লায় গুরুতর আহত যুবক, থানায় অভিযোগ।",1,crime,1,"['বান', 'দর']"
"পার্বত্য চট্টগ্রামের রাঙ্গামাটি জেলার জুরাছড়ি উপজেলার রাজমনিপাড়া এলাকায় গতকাল সন্ধ্যা আনুমানিক ৭টা ৪৫ মিনিটে স্থানীয় নারী, পুরুষ ও শিশুসহ কয়েকজন যাত্রী বহনকারী একটি অতিরিক্ত বোঝাই নৌযান হঠাৎ ডুবে যায়।",1,waterway,1,"['রা', 'গামা', 'টি', 'জেলার', 'জরা', 'ডি']"
নাইক্ষ্যংছড়ি সীমান্তে ইয়াবাসহ তঞ্চঙ্গ্যা যুবক আটক।,1,crime,1,"['নাই', 'কষ', 'ডি']"
"ইউপিডিএফ নেতা ধর্ম শিং চাকমা–কে গুলি করে হত্যা, থামছেনা স্বজনদের আহাজারি।",1,crime,1,[]
লামায় চাঁদার জন্যে রাবার ব্যবসায়ী পরিবারের ওপর হামলা ও লুটপাটের অভিযোগ |,1,crime,1,['লামা']
"বান্দরবান পৌরসভার স্বর্ণমন্দির এলাকায় মুদির দোকানে আগুন, দগ্ধ ব্যবসায়ী",1,natural disaster,1,"['বান', 'দর']"
"বান্দরবানে বিজিবির অভিযানে পিস্তল-গুলি উদ্ধার, রোহিঙ্গাসহ আটক–২ |",1,crime,1,"['বান', 'দর']"
নাইক্ষ্যংছড়ি সীমান্তে বিজিবির অভিযানে মাইনসহ বিপুল পরিমাণ বিস্ফোরক উদ্ধার |,1,crime,1,"['নাই', 'কষ', 'ডি']"
নাইক্ষ্যংছড়িতে অগ্নিকান্ডে এক বসতবাড়ি পুড়ে ছাই।,1,natural disaster,1,"['নাই', 'কষ', 'ডি']"
"বান্দরবানে অর্ধশতক পর্যটক নিয়ে বাস খাদে, আহত অন্তত ১৫ |",1,crime,1,"['বান', 'দর']"
খাগড়াছড়ির ব্যাঙ মারায় ঘটে গেল মর্মাহতির একটি দুর্ঘটনা বাগেরহাট থেকে আনুমানিক নয়টায় চট্টগ্রামের উদ্দেশ্যে ছেড়ে আসা শান্তি গাড়ির সাথে আছে পরিমাণ কাবার ব্যন এসএ পরিবহনের ড্রাইভার এর অবস্থা খুবই গুরুতর,1,road accident,1,[]
​আজ খাগড়াছড়ির আলুটিলা এলাকায় যাত্রীবাহী শান্তি পরিবহন এবং একটি মাহিন্দ্র গাড়ির মধ্যে মুখোমুখি সংঘর্ষের ঘটনা ঘটেছে। এই ভয়াবহ দুর্ঘটনায় মাহিন্দ্র গাড়িতে থাকা যাত্রীরা গুরুতর আহত হয়েছেন।,1,road accident,1,"['আজ', 'খাগ', 'ডা', 'ডির', 'আল', 'টিলা']"
চট্টগ্রাম-খাগড়াছড়ি মহাসড়কের ফটিকছড়ি পেলাগাজির দিঘি এলাকায় ভ'য়াবহ সড়ক দুর্ঘটনায় ঘটনাস্থলেই অন্তত ৫ জন নিহতের খবর পাওয়া গেছে। ইফতারের আধঘন্টা আগে এই দুর্ঘটনা ঘটে।,1,road accident,1,"['খাগ', 'ডা', 'ডি', 'মহা', 'সড', 'কে', 'ফটিক']"
রাঙ্গামাটির কাপ্তাইয়ে বন্যহাতির আক্রমণে মংখ্য চিং মারমা নামে একজনের মৃ-ত্যু ||,1,wildlife attack,1,"['কাপ', 'তাই']"
"কাপ্তাই-আসাম্বস্তি সড়কে বন্যহাতির আক্রমণে আহত সবিতা চাকমা চিকিতসাধীন অবস্থায় মারা গেছেন, এনিয়ে দুই জন নিহত, মমার্ন্তিক ঘটনা",1,wildlife attack,1,"['কাপ', 'তাই']"
জুরাছড়িতে নৌকাডুবি: সেনাবাহিনীর দ্রুত তৎপরতায় ১১ জনকে জীবিত উদ্ধার,1,waterway,1,"['জরা', 'ডি']"
মহালছড়িতে পানিতে ডুবে শিশুর মৃত্যু,1,waterway,1,"['মহাল', 'ডি']"
রামগড় উপজেলার কালাডেবা সুইট গেটে পানিতে ডুবে মৃত্যু,1,waterway,1,"['রাম', 'গড']"
পানছড়িতে পানিতে ডুবে দুই ভাইবোন সহ ৩ শিশুর মৃত্যু,1,waterway,1,"['পান', 'ডি']"
"খাগড়াছড়ি জেলা সদরের সবুজ বাগ এলাকার বাসিন্দা আনোয়ার মুন্সির বাড়িতে ঢুকে, তার স্ত্রীকে একা পেয়ে গলায় ছুরি বসিয়ে ডাকাতির চেষ্টা।",1,crime,1,"['খাগ', 'ডা', 'ডি']"
আজ বিকেলে বান্দরবান জেলার থানচি উপজেলার ২৬ কিলোতে পর্যটকবাহী হাইক্স গাড়ি খুব বাজে ভাবে এক্সিডেন্ট হয়েছে,1,road accident,1,"['বান', 'দর', 'থানচি']"
ঢাকা থেকে বান্দরবানে আসা পর্যটকবাহী বাস আজ: ২২ই মার্চ (রবিবার) ভোরে বান্দরবান বিশ্ববিদ্যালয় সংলগ্ন QB রিসোর্ট এলাকায় গভীর খাদে পড়ে যায়। এ ঘটনায় বেশ কয়েকজন আহত হওয়ার খবর পাওয়া গেলেও নিহতের খবর পাওয়া যায়নি।,1,road accident,1,"['বান', 'দর']"
"ঢাকা থেকে বান্দরবানগামী সৌদিয়া পরিবহন ভোরে কেরানীহাট বান্দরবান সড়কের সুয়ালক নামক জায়গায় ভয়াবহ এক্সিডেন্ট করে রাস্তা থেকে গভীর খাঁদে পড়ে যায়, ভোর রাত থাকার কারণে প্রপার উদ্ধার ও করা যায়নি,এতে বহু যাত্রী মারাত্বক ভাবে হতাহত হওয়ার সম্ভাবনা আছে।",1,road accident,1,"['বান', 'দর']"
বান্দরবানের লামা-আলীকদম সড়কে আজ শুক্রবার (২৯ আগস্ট) সড়ক দুর্ঘটনায় পাঁচজন আহত হয়েছেন। আহতদের পরিচয় জানা যায়নি।,1,road accident,1,"['বান', 'দর', 'বানের', 'লামা', 'আলীকদম']"
"বান্দরবানের সুয়ালক বাজার ব্রিজের পাশে ভয়াবহ সিএনজি দু*র্ঘ*ট*না ঘটেছে। এ ঘটনায় দুইজন গুরুতর আহত হয়েছেন। তবে আহতদের নাম-পরিচয় এখনো পাওয়া যায়নি। স্থানীয়দের ধারণা, আহতরা সম্ভবত মনেয়াবাদ ও পুরানগড় এলাকার বাসিন্দা হতে পারেন।",1,road accident,1,"['বান', 'দর', 'বানের']"
"সড়ক দু'র্ঘ'ট'না! বান্দরবান থেকে চট্টগ্রাম মুখি পূর্বানী পটিয়া ভাইয়ের দিঘী রাস্তার মাতা সিএনজির সাথে মুখোমুখি সং,ঘ'র্ষে,র ঘটনা ঘটে",1,road accident,1,"['বান', 'দর']"
আজ সকালে বগালেক থেকে কেওক্রাডং যাওয়ার পথে ট্যুরিষ্টের একটি চাঁন্দের গাড়ি দুর্ঘটনা ঘটে। এতে ১০ জন পর্যটক আহত হয়।,1,road accident,1,"['আজ', 'সকালে', 'বগা', 'লেক']"
আলীকদমের তারাবুবিয়া নামক স্থানে ভয়াবহ সড়ক দুর্ঘটনায় তিনজন নিহত হয়েছেন। ট্রাক ও মোটরবাইকের মুখোমুখি সংঘর্ষে এ মর্মান্তিক দুর্ঘটনা ঘটে।,1,road accident,1,['আলীকদম']
কেরানীহাট টু বান্দরবান সড়কে বাজালিয়া ফরেস্ট অফিস এলাকায় সড়ক দুর্ঘটনা।,1,road accident,1,"['বান', 'দর']"
"বান্দরবানের রুমা উপজেলার দার্জিলিং পাড়ায় পর্যটকবাহী একটি জীপ গাড়ি খাদে পড়ে দুই নারী পর্যটক নিহত হয়েছে, আর এই ঘটনায় আহত হয়েছে আরো ১১ পর্যটক।",1,road accident,1,"['বান', 'দর', 'বানের', 'রমা']"
কেরানীহাট বান্দরবান সড়ক। সত্যপির মাজারে আগে নামতিতে বাস মোটরসাইকেল সংঘর্ষে ঘটনাস্থলে ২ জনের মৃত্যু।,1,road accident,1,"['বান', 'দর']"
"লামার মিরিঞ্জা নামক এলাকায় সড়ক দূর্ঘটনা,বহুলোক হতাহতের শংকা। আহতদের হাসপাতালে নেওয়া হচ্ছে।",1,road accident,1,['লামার']
মর্মান্তিক দুর্ঘটনা ২ টা মুখমুখী সংঘর্ষ মর্মান্তিক দুর্ঘটনা ২ টা মুখমুখী সংঘর্ষ বেনুখালী গোকুল নগর বইকারের অবস্থা খারাপ সিএনজি চালক ও বাইকার দুজনকেই নবাবগঞ্জ সরকারী হসপিটালে পাঠানো হয়েছে ।,1,road accident,1,"['বাইকার', 'জনকে', 'নবাব']"
"বান্দরবানের আলীকদমে, পানবাজার সংলগ্ন কলার ঝিরি সড়কে দুর্গম পাহাড়ে , যাত্রীবাহী গাড়ি এক্সিডেন্টে ২জনের মৃত্যু ১৮ থেকে ২০ জন গুরুতর আহত",1,road accident,1,"['বান', 'দর', 'বানের', 'আলীকদম', 'পান', 'বাজার']"
বান্দরবানের বগালেক কেওক্রাডং সড়কে দুর্ঘটনা।,1,road accident,1,"['বান', 'দর', 'বানের', 'বগা', 'লেক']"
থানচি টু আলীকম সড়কের আলীকদম হতে ০৭ কিলো থানচির দিকে কলারঝিরি নামক স্থানে এক মর্মান্তিক ও ভয়াবহ সড়ক দুর্ঘটনা ঘটে। এসময় ০১ জন ঘটনাস্থলে মারা যান ও ১৫/১৮ জন গুরুতর আহত হন।,1,road accident,1,"['থানচি', 'আলীকদম', 'দিকে', 'কলার', 'ঝিরি']"
বান্দরবান রেইচা চেকপোস্ট এর আগে বান্দরবান থেকে যাওয়ার পথে একটি বাইক এক্সিডেন্ট করে বাইক চালক সহ তিন জন গুরুতর আহত হয় তাদের বাড়ী কেরানীহাট যানা গেছে।,1,road accident,1,"['বান', 'দর']"
বান্দরবানের চিম্বুক বেতছড়া সড়কে চাঁদের গাড়ি খাদে পড়ে দুর্ঘটনা।,1,road accident,1,"['বান', 'দর', 'বানের']"
বান্দরবান কেরানিরহাট সড়কের মানুর টেকে ও বিশ্ববিদ্যালয় এলাকায় দুটি দুর্ঘটনা। ট্রাক উল্টে হ্যালপার নিহত ইন্না লিল্লাহি ওয়া ইন্না ইলাইহি রাজিউন,1,road accident,1,"['বান', 'দর']"
লংগদু উপজেলা হতে বাইট্টাপাড়া সড়ক নির্মাণ কাজের সময় যাত্রীবাহী মটর সাইকেলের ধাক্কায় এক শ্রমিক আহত হয়ে চিকিৎসাধীন অবস্থায় হাসপাতালে মৃত্যু বরণ করেন। এঘটনায় চালক সহ যাত্রীরা আহত অবস্থায় হাসপাতালে চিকিৎসাধীন রয়েছেন।,1,road accident,1,"['লং', 'গদ']"
কেরানিহাট এর উত্তর পাশে সড়ক দুর্ঘটনায় একজনের মৃত্যু।,1,road accident,1,[]
"সুয়ালক,বান্দরবান ইউনিভার্সিটি গেট এর আগে বড় মালবাহী ট্রাক উল্টো যাওয়ায় একজন নিহত,,,",1,road accident,1,"['বান', 'দর']"
বান্দরবানে থানচি উপজেলার লিটক্রে নির্মানাধীন সড়কে মালবাহী ট্রাক ও যাত্রীবাহী জীপের সংঘর্ষে ৭ জন আহত হয়েছে।,1,road accident,1,"['বান', 'দর', 'থানচি']"
"কাপ্তাই-আসামবস্তী সড়কে বন্যহাতির আ'ক্র'মনে ঝর্ণা চাকমা ও সবিতা চাকমা নামে ২ বৃদ্ধা নারী নি'হত, ২টি সিএনজি ও ১টি বাইক ক্ষ'তিগ্র'স্থ।।। রোববার বিকালে সড়কটির কামিলাছড়ি এলাকায় এই ঘ'ট'না ঘটে।",1,wildlife attack,1,"['কাপ', 'তাই', 'বার', 'বিকালে', 'ডক', 'টির', 'কামিলা', 'ডি']"
রামুতে চালককে হত্যা করে অটোরিক্সা ছিনতাই,1,crime,1,[]
বান্দরবান বাসস্টেশন এলাকায় অবস্থিত পাহাড়ীকা ফিলিং স্টেশনের মালিক নিখিল কান্তি দাশের কাছ থেকে নগদ টাকা ছিনতাইয়ের ঘটনা এক জনকে আটক করেছে পুলিশ।,1,crime,1,"['বান', 'দর']"
বাইক চোর রাহুল তঞ্চগা কে অবশেষে রাজস্থলী থেকে গ্রেফতার করেছে।,1,crime,1,"['রাজ', 'থল']"
"রাঙ্গামাটিতে নৌকাডুবি, সেনাবাহিনীর দ্রুত তৎপরতায় ১১ জনকে জীবিত উদ্ধার",1,waterway,1,[]
বান্দরবানের উজানী পাড়ার মারমা বাজারে ভয়ংকর অগ্নিকাণ্ডে পুড়ে গেছে একাধিক দোকান ও ঘরবাড়ি।,1,natural disaster,1,"['বান', 'দর', 'বানের', 'মারমা']"
বান্দরবানে ভয়াবহ আগুনে মারমা বাজারের বহু দোকান ও বাড়িঘর পুড়ে ছাই হয়ে গেছে।,1,natural disaster,1,"['বান', 'দর', 'মারমা', 'বাজারের']"
Bandarban er Ujani para Marma bazare bhoyaboho agnikande onek dokan pure geche.,1,natural disaster,1,[]
Bandarban er Marma bazare huge fire incident e onek ghorbari pure geche.,1,natural disaster,1,[]
আজ ভোরে বান্দরবানের মারমা বাজার এলাকায় ভয়াবহ আগুনে কয়েকটি বসতঘর ও ব্যবসা প্রতিষ্ঠান ক্ষতিগ্রস্ত হয়েছে।,1,natural disaster,1,"['বান', 'দর', 'বানের', 'মারমা', 'বাজার']"
রাঙামাটিতে মুদি দোকানে চুরি: এসপি অফিস সংলগ্ন দোকান থেকে খাদ্যপণ্য ভর্তি বস্তা নিয়ে উধাও দুই যুবক।,1,crime,1,['রাঙামাটিতে']
রাঙামাটির একটি মুদি দোকান থেকে খাদ্যপণ্য ভর্তি বস্তা চুরির ঘটনায় দুই যুবককে শনাক্ত করা হয়েছে।,1,crime,1,['রাঙামাটির']
এসপি অফিস সংলগ্ন মুদি দোকানে চুরির ঘটনায় সিসিটিভিতে ধরা পড়েছে দুই যুবকের ছবি।,1,crime,1,[]
"রাঙামাটিতে দোকান থেকে খাদ্যপণ্য নিয়ে পালিয়েছে দুই চোর, সিসিটিভিতে মিলেছে প্রমাণ।",1,crime,1,['রাঙামাটিতে']
Rangamati te mudi dokane churi kore khaddoponno niye paliye geche dui jubok.,1,crime,1,[]
Rangamati te grocery shop e churi kore food products niye udhao dui jubok.,1,crime,1,[]
মানিকছড়িতে প্রকাশ্য হামলায় লোহার রড ও ধারালো অস্ত্রের আঘাতে আহত ৩।,1,crime,1,"['মানিক', 'ডি']"
মানিকছড়িতে সশস্ত্র হামলায় তিনজন গুরুতর আহত হয়েছেন।,1,crime,1,"['মানিক', 'ডি']"
লোহার রড ও ধারালো অস্ত্র দিয়ে হামলার ঘটনায় আহত হয়েছেন ৩ জন।,1,crime,1,[]
মানিকছড়িতে প্রকাশ্য হামলায় তিন ব্যক্তি জখম হয়েছেন।,1,crime,1,"['মানিক', 'ডি']"
Manikchari te prokashyo hamlay lohar rod er aghate ahoto 3 jon.,1,crime,1,[]
Manikchari te armed attack e 3 jon injured hoyechen.,1,crime,1,[]
কাউখালী উপজেলায় বিদ্যুৎস্পৃষ্ট হয়ে এক নির্মাণ শ্রমিকের মৃত্যু হয়েছে।,1,natural disaster,1,['কাউখালী']
নির্মাণকাজের সময় বিদ্যুতের তারে স্পৃষ্ট হয়ে মারা যান এক রড মিস্ত্রি।,1,natural disaster,1,[]
রাঙামাটিতে কাজ করার সময় বিদ্যুৎস্পৃষ্ট হয়ে প্রাণ হারিয়েছেন এক শ্রমিক।,1,natural disaster,1,['রাঙামাটিতে']
Bidyutsporshto hoye ek rod mistrir mrityu hoyeche,1,natural disaster,1,[]
Construction kaj korte giye electric shock e ek shromik mara gechen.,1,natural disaster,1,[]
কাপ্তাই হ্রদে পর্যটকবাহী নৌদুর্ঘটনার ঘটনায় তদন্তের নির্দেশ দিয়েছে আদালত।,1,natural disaster,1,"['কাপ', 'তাই', 'হর', 'দে']"
নৌদুর্ঘটনার ঘটনায় আদালতের পক্ষ থেকে তদন্তের আদেশ দেওয়া হয়েছে।,1,natural disaster,1,[]
কাপ্তাই হ্রদের পর্যটকবাহী নৌকা দুর্ঘটনার তদন্ত শুরু করার নির্দেশ এসেছে।,1,natural disaster,1,"['কাপ', 'তাই', 'হর', 'দের']"
Kaptai hrode porjotokbahi nou durghotonay tadonter nirdesh diyeche adalot.,1,natural disaster,1,[]
Kaptai lake e tourist boat accident er ghotonay investigation er order diyeche court.,1,natural disaster,1,[]
রাঙামাটি রিজার্ভ বাজার লঞ্চঘাটে চুরি: দোকান থেকে ৪ লাখ ৫০ হাজার টাকা উধাও।,1,crime,1,"['রাঙামাটি', 'রিজা', 'বাজার', 'ঘাটে']"
রাঙামাটির রিজার্ভ বাজার এলাকায় দোকান থেকে কয়েক লাখ টাকা চুরির ঘটনা ঘটেছে।,1,crime,1,"['রাঙামাটির', 'রিজা', 'বাজার']"
লঞ্চঘাট সংলগ্ন দোকান থেকে মুহূর্তেই বিপুল পরিমাণ টাকা নিয়ে পালিয়েছে চোরেরা।,1,crime,1,[]
Reserve bazar launchghat e dokan theke 4 lakh 50 hajar taka churi hoyeche.,1,crime,1,[]
Rangamati reserve bazar e shop theke huge amount taka churi hoyeche.,1,crime,1,[]
কাপ্তাই হ্রদে ট্যুরিস্ট বোটে মাদকের আসর; যৌথ অভিযানে মদ্যপ অবস্থায় আটক ৮।,1,crime,1,"['কাপ', 'তাই', 'হর', 'দে']"
কাপ্তাই হ্রদের পর্যটকবাহী বোটে মাদক সেবনের অভিযোগে আটজনকে আটক করা হয়েছে।,1,crime,1,"['কাপ', 'তাই', 'হর', 'দের']"
যৌথ অভিযানে ট্যুরিস্ট বোট থেকে মাদকাসক্ত অবস্থায় ৮ জনকে গ্রেপ্তার করা হয়।,1,crime,1,[]
Kaptai hrode tourist boat e madoker asor theke atk 8.,1,crime,1,[]
Kaptai lake er tourist boat e drug party theke 8 jon arrested.,1,crime,1,[]
বিলাইছড়ির কেংড়াছড়িতে গভীর রাতে ভয়াবহ অগ্নিকাণ্ডে ইউপি সদস্য কাসেম মেম্বারের বসতবাড়ি পুড়ে গেছে।,1,natural disaster,1,"['বিল', 'াই', 'ডির', 'কে', 'ডা', 'ডি']"
কেংড়াছড়িতে ভয়ংকর আগুনে কাসেম মেম্বারের বাড়ি ভস্মীভূত হয়েছে।,1,natural disaster,1,"['কে', 'ডা', 'ডি']"
গভীর রাতে অগ্নিকাণ্ডে সর্বস্ব হারিয়ে নিঃস্ব হয়েছে একটি পরিবার।,1,natural disaster,1,[]
Bilaichari r Kengrachari te bhoyaboho agune ek bari pure geche.,1,natural disaster,1,[]
Kengrachari te huge fire incident e ek family shob hariyeche.,1,natural disaster,1,[]
রাঙামাটিতে ভয়াবহ সড়ক দুর্ঘটনায় বেদে সম্প্রদায়ের এক নারীর মৃত্যু হয়েছে।,1,road accident,1,['রাঙামাটিতে']
রাঙামাটির টিভি সেন্টার এলাকায় সড়ক দুর্ঘটনায় প্রাণ হারিয়েছেন এক নারী।,1,road accident,1,"['রাঙামাটির', 'টিভি', 'সেন', 'টার']"
শহরের প্রবেশমুখে ভয়ংকর সড়ক দুর্ঘটনায় নিহত হয়েছেন বেদে সম্প্রদায়ের এক সদস্য।,1,road accident,1,[]
Rangamati te bhoyaboho road accident e ek nari nihoto hoyechen.,1,road accident,1,[]
Rangamati te severe road accident e ek mohila mara gechen.,1,road accident,1,[]
"চাঁদের গাড়ি ও সিএনজির মুখোমুখি সংঘর্ষে আহত ৬, চারজনকে চট্টগ্রামে রেফার।",1,road accident,1,[]
চাঁদের গাড়ি ও সিএনজির সংঘর্ষে ছয়জন আহত হয়েছেন।,1,road accident,1,[]
সড়ক দুর্ঘটনায় আহত চারজনকে উন্নত চিকিৎসার জন্য চট্টগ্রামে পাঠানো হয়েছে।,1,road accident,1,[]
Chander gari o CNG er mukhomukhi songhorshe ahoto 6 jon.,1,road accident,1,[]
Chander gari ar CNG collision e 6 jon injured hoyechen.,1,road accident,1,[]
কাপ্তাই হ্রদে পর্যটকবাহী নৌদুর্ঘটনায় তদন্তের নির্দেশ দিয়েছে আদালত।,1,waterway,1,"['কাপ', 'তাই', 'হর', 'দে']"
কাপ্তাই হ্রদের নৌদুর্ঘটনার ঘটনায় আদালত তদন্তের আদেশ দিয়েছে।,1,waterway,1,"['কাপ', 'তাই', 'হর', 'দের']"
পর্যটকবাহী নৌকা দুর্ঘটনার কারণ অনুসন্ধানে তদন্ত শুরু হচ্ছে।,1,waterway,1,[]
Kaptai hrode tourist boat durghotonay tadonter nirdesh diyeche adalot.,1,waterway,1,[]
Kaptai lake e tourist boat accident er ghotonay investigation order diyeche court.,1,waterway,1,[]
কলেজ গেইট শাহ আমানত পাড়ায় মহিলা চোর আটক।,1,crime,1,[]
কলেজ গেইটের শাহ আমানত পাড়ায় এক নারী চোরকে আটক করা হয়েছে।,1,crime,1,[]
কলেজ গেইট শাহ আমানত পাড়ায় চুরির অভিযোগে এক নারী আটক।,1,crime,1,[]
College Gate Shah Amanat paray mohila chor atok.,1,crime,1,[]
শাহ আমানত পাড়া এলাকায় মহিলা চোর আটক করেছে স্থানীয়রা।,1,crime,1,[]
বান্দরবানে অগ্নিকাণ্ডে ৬টি বসতঘর ও দুটি দোকান পুড়ে গেছে।,1,natural disaster,1,"['বান', 'দর']"
বান্দরবানে ভয়াবহ আগুনে পুড়ে যায় ৬টি ঘর ও ২টি দোকান।,1,natural disaster,1,"['বান', 'দর']"
বান্দরবানে আগুন লাগার ঘটনায় ক্ষতিগ্রস্ত ৬টি বসতঘর ও ২টি দোকান।,1,natural disaster,1,"['বান', 'দর']"
Bandarban e agune pure gelo 6ti bostoghor o 2ti dokan.,1,natural disaster,1,[]
বান্দরবানে fire incident এ ৬টি বসতঘর ও ২টি দোকান পুড়ে গেছে।,1,natural disaster,1,"['বান', 'দর']"
ফটিকছড়ি এলাকার হারুয়ালছড়ি পাটিয়ালছড়িতে মোটরসাইকেল দুর্ঘটনায় এক ব্যক্তি গুরুতর আহত হন। তাকে নাজিরহাট মেডিকেলে ভর্তি করা হয়েছে।,1,road accident,1,"['ফটিক', 'ডি', 'এলাকার', 'হার', 'যা', 'পাটি']"
ফটিকছড়ির চৌধুরী পাড়ার উত্তর অংশে ভয়াবহ মোটরসাইকেল দুর্ঘটনায় ১ জন গুরুতর আহত। স্থানীয়দের সহায়তায় তাকে হাসপাতালে নেওয়া হয়েছে।,1,road accident,1,[]
হারুয়ালছড়ি পাটিয়ালছড়ি এলাকায় মোটরসাইকেল দুর্ঘটনায় গুরুতর আহত ১ জনকে স্থানীয়রা দ্রুত নাজিরহাট মেডিকেলে পাঠায়।,1,road accident,1,"['হার', 'যা', 'ডি', 'পাটি']"
Fatikchhari Harualchhari Patiyalchhari Chowdhury para te motorcycle durghotonay 1 jon gurutor ahoto hoyeche.,1,road accident,1,[]
"Fatikchhari te motorcycle accident e 1 jon seriously injured, take Nazrhat medical e niye jawa hoyeche.",1,road accident,1,[]
রোয়াংছড়িতে গরু চুরির অভিযোগে চারজনকে আটক করেছে জনতা।,1,crime,1,"['রে', 'ায', 'াং', 'ডি']"
রোয়াংছড়ি এলাকায় গরুচুরির ঘটনায় ৪ জনকে ধরে ফেলে স্থানীয়রা।,1,crime,1,"['রে', 'ায', 'াং', 'ডি']"
রোয়াংছড়িতে জনতার হাতে ধরা পড়ে ৪ গরুচোর।,1,crime,1,"['রে', 'ায', 'াং', 'ডি']"
Rowangchhari te jonotar hate 4 goruchor atok hoyeche.,1,crime,1,[]
Rowangchhari te local people 4 goruchor ke dhore feleche.,1,crime,1,[]
থানচি সীমান্ত এলাকায় সড়ক দুর্ঘটনায় চালকের মৃত্যু হয়েছে।,1,road accident,1,['থানচি']
থানচি সীমান্তে ভয়াবহ সড়ক দুর্ঘটনায় এক চালক প্রাণ হারিয়েছেন।,1,road accident,1,['থানচি']
থানচি সীমান্ত সড়কে দুর্ঘটনায় চালক নিহত হন।,1,road accident,1,['থানচি']
Thanchi simante road accident e chalok nihoto hoyeche.,1,road accident,1,[]
Thanchi border area te road accident e driver died hoyeche.,1,road accident,1,[]
সাজেকের সড়ক দুর্ঘটনায় নিহত শিক্ষার্থী রুবিনা আফসানা রিংকির মরদেহ নিজ বাড়িতে নেওয়া হয়েছে।,1,road accident,1,['সাজেকের']
সাজেক দুর্ঘটনায় নিহত রুবিনা আফসানার মরদেহ পরিবারের কাছে হস্তান্তর করেছে সেনাবাহিনী।,1,road accident,1,['সাজেক']
Sajek road durghotonay nihoto Rubina Afsana Ringkir mordeh helicopter joge bari te neya hoyeche.,1,road accident,1,[]
Sajek accident e nihoto student Ringkir body helicopter e kore Gaibandha pathano hoyeche.,1,road accident,1,[]
বান্দরবানে চাঁদের গাড়ি দুর্ঘটনায় প্রাণ হারিয়েছেন এক নারী।,1,road accident,1,"['বান', 'দর']"
সড়ক দুর্ঘটনায় চাঁদের গাড়ি উল্টে কয়েকজন যাত্রী আহত হয়েছেন।,1,road accident,1,[]
বান্দরবানে ভয়াবহ দুর্ঘটনায় একজন নিহত ও ছয়জন আহত হয়েছেন।,1,road accident,1,"['বান', 'দর']"
Bandarbane chander gari ulte ek nari nihoto o 6 jon ahoto hoyechen.,1,road accident,1,[]
Bandarban e chander gari overturn kore 1 mohila mara gechen ar 6 jon injured.,1,road accident,1,[]
লামা-সুয়ালক সড়কের টংগঝিরি পয়েন্টে বড় বড় খানাখন্দে দুর্ভোগ বেড়েছে।,1,road accident,1,"['লামা', 'লক', 'ডক', 'ের', 'টং', 'ঝিরি']"
সড়কের খারাপ অবস্থার কারণে চলাচলে চরম ভোগান্তির শিকার হচ্ছেন স্থানীয়রা।,1,road accident,1,[]
বৃষ্টির কারণে ক্ষতিগ্রস্ত সড়ক সংস্কারের দাবি জানিয়েছেন এলাকাবাসী ও চালকরা।,1,road accident,1,[]
Lama-Sualok soroker kharap obosthay vogantite porechen pothchari o chalokra.,1,road accident,0,[]
Lama-Sualok road er poor condition e local people ar drivers huge problem e achen.,1,road accident,0,[]
লামার লাইঝিরি সড়কে দুর্ঘটনায় গাড়িচালক গুরুতর আহত হয়েছেন।,1,road accident,1,"['লামার', 'লাই', 'ঝিরি']"
সড়ক দুর্ঘটনার পর আহত ড্রাইভারকে দ্রুত হাসপাতালে নেওয়া হয়েছে।,1,road accident,1,[]
লাইঝিরি এলাকায় সড়ক দুর্ঘটনায় এক ব্যক্তি আহত হয়েছেন বলে স্থানীয়রা জানিয়েছেন।,1,road accident,1,"['লাই', 'ঝিরি']"
Lama Laijhiri sorok durghotonay driver gurutor ahoto hoyechen.,1,road accident,1,[]
Lama Laijhiri road accident e driver seriously injured hoyechen.,1,road accident,1,[]
খরুলিয়ায় দ্রুতগতির যাত্রীবাহী গাড়ি নিয়ন্ত্রণ হারিয়ে সড়ক থেকে ছিটকে পড়ে।,1,road accident,1,[]
গাছের সঙ্গে সংঘর্ষের পর মার্সা গাড়িটি বিলে পড়ে যায়।,1,road accident,1,[]
খরুলিয়া এলাকায় সড়ক দুর্ঘটনায় যাত্রীবাহী গাড়ি ক্ষতিগ্রস্ত হয়েছে।,1,road accident,1,[]
Kharulia te jatribahi Marsa gari gachher sathe dhakka lege bile pore geche.,1,road accident,1,[]
Kharulia te passenger bus tree er sathe collision kore road theke bile pore geche.,1,road accident,1,[]
খাগড়াছড়িতে সশস্ত্র সংগঠনের এক শীর্ষ নেতা নিহত হওয়ার খবর পাওয়া গেছে।,1,crime,1,"['খাগ', 'ডা', 'ডি']"
মগ লিবারেশন পার্টির সশস্ত্র শাখার প্রধান নিহতের ঘটনায় এলাকায় উত্তেজনা বিরাজ করছে।,1,crime,1,[]
খাগড়াছড়িতে সশস্ত্র গোষ্ঠীর এক নেতার মৃত্যুর ঘটনা ঘটেছে।,1,crime,1,"['খাগ', 'ডা', 'ডি']"
Khagrachari te Mog Liberation Party r soshastro shakhar prodhan nihoto hoyechen.,1,crime,1,[]
Khagrachari te Mog Liberation Party er armed wing leader killed hoyechen.,1,crime,1,[]
লামায় পাহাড় ধসের কারণে সড়ক বন্ধ হয়ে চরম দুর্ভোগে পড়েছেন স্থানীয় বাসিন্দারা।,1,natural disaster,1,['লামা']
পাহাড় ধসে আরসিসি সড়ক ক্ষতিগ্রস্ত হওয়ায় শিক্ষার্থী ও গ্রামবাসীদের চলাচল ব্যাহত হচ্ছে।,1,natural disaster,1,[]
যোগাযোগ স্বাভাবিক করতে দ্রুত পাহাড়ের মাটি অপসারণের দাবি জানিয়েছেন এলাকাবাসী।,1,natural disaster,1,[]
Pahar dhose Lama pouroshovar RCC sorok block hoye jogajog bichchhinno hoye poreche.,1,natural disaster,1,[]
Lama te landslide er karone RCC road block hoye communication bondho hoye geche.,1,natural disaster,1,[]
লামা-আলীকদম সড়কে ভয়াবহ দুর্ঘটনায় দুটি পিকআপ গাড়ি ক্ষতিগ্রস্ত হয়েছে।,1,road accident,1,"['লামা', 'আলীকদম']"
কুমারী এলাকার কবিরার দোকানের সামনে লামা-আলীকদম সড়কে দুই পিকআপের ভয়াবহ সংঘর্ষ হয়।,1,road accident,1,"['লামা', 'আলীকদম']"
লামা-আলীকদম সড়কে সড়ক দুর্ঘটনার ঘটনায় স্থানীয়দের মাঝে আতঙ্ক ছড়িয়ে পড়ে।,1,road accident,1,"['লামা', 'আলীকদম']"
Lama-Alikadam soroker Kumari elakay duiti pickup garir mukhomukhi songhorsho hoyeche.,1,road accident,1,[]
Lama-Alikadam road e two pickup er head-on collision hoyeche.,1,road accident,1,[]
সাজেক-দীঘিনালা সড়কে পাহাড় ধসে ৪ শতাধিক পর্যটক আটকা পড়েছেন। সড়ক যোগাযোগ সাময়িকভাবে বন্ধ রয়েছে।,1,natural disaster,1,"['সাজেক', 'দীঘিনালা']"
ভারী বৃষ্টিপাতের কারণে সাজেক সড়কে পাহাড় ধসের ঘটনায় শতাধিক পর্যটক আটকে পড়েছেন।,1,natural disaster,1,['সাজেক']
সাজেক সড়কে নন্দারাম এলাকায় পাহাড় ধসের ফলে ৪০০-এর বেশি পর্যটক আটকা পড়েছে এবং যান চলাচল বন্ধ রয়েছে।,1,natural disaster,1,['সাজেক']
"Sajek road e landslide er karone 400+ tourist atka poreche, road communication bondho.",1,natural disaster,1,[]
"Sajek-Dighinala road e landslide hoye geche, tourists stuck and road closed hoye ache.",1,natural disaster,1,[]
লামা এলাকায় ট্রাক দুর্ঘটনায় চালকের মৃত্যু হয়েছে নিয়ন্ত্রণ হারানোর কারণে।,1,road accident,1,['লামা']
লামায় বেপরোয়া ট্রাক দুর্ঘটনায় চালক নিহত হন।,1,road accident,1,['লামা']
লামায় ট্রাক নিয়ন্ত্রণ হারিয়ে দুর্ঘটনায় চালক প্রাণ হারান।,1,road accident,1,['লামা']
Lamay niyontron hariye truck chalok nihat hoyeche.,1,road accident,1,[]
Lama te truck control haraye driver died hoyeche.,1,road accident,1,[]
মদ্যপ অবস্থায় নদী পার হওয়ার সময় নিখোঁজ হওয়া উসাচিং মার্মার মরদেহ একদিন পর মাতামুহুরী নদী থেকে উদ্ধার করা হয়।,1,waterway,1,[]
বান্দরবানের লামা মাতামুহুরী নদীতে নদী পারাপারের সময় নিখোঁজ উসাচিং মার্মা (৫০)-এর ভাসমান লাশ একদিন পর উদ্ধার করা হয়েছে।,1,waterway,1,"['বান', 'দর', 'বানের', 'লামা']"
লামা মাতামুহুরী নদীতে দুর্ঘটনায় নিখোঁজ হওয়ার একদিন পর উসাচিং মার্মার লাশ ভেসে ওঠে এবং উদ্ধার করা হয়।,1,waterway,1,['লামা']
বান্দরবানের লামায় নদী পারাপারের সময় নিখোঁজ ব্যক্তির একদিন পর ভাসমান লাশ উদ্ধার করেছে স্থানীয়রা।,1,waterway,1,"['বান', 'দর', 'বানের', 'লামা']"
Lama Matamuhuri nodite nodi paraparer shomoy nikhonj Usaching Marma (50)-r lash uddhar hoyeche.,1,waterway,1,[]
Lama Matamuhuri river e accident er por Usaching Marma-r body one day por recover kora hoyeche.,1,waterway,1,[]
"বান্দরবানে চাঁদাবাজি সংক্রান্ত ঘটনায় সেনাবাহিনী ও জেএসএসের মধ্যে বন্দুকযুদ্ধ হয়, এতে এক জেএসএস সদস্য নিহত হয়।",1,crime,1,"['বান', 'দর']"
বান্দরবানে সংঘর্ষে সেনাবাহিনী ও জেএসএসের মধ্যে গোলাগুলির ঘটনায় একজন নিহত হওয়ার খবর পাওয়া গেছে।,1,crime,1,"['বান', 'দর']"
চাঁদাবাজিকে কেন্দ্র করে বান্দরবানে সেনাবাহিনী ও জেএসএসের মধ্যে গুলি বিনিময়ে এক ব্যক্তি নিহত হন।,1,crime,1,"['বান', 'দর']"
Bandarban e chanda baji niye Army r JSS er moddhe gunfight e 1 jon nihat hoyeche.,1,crime,1,[]
Bandarban e army vs JSS shootout e 1 terrorist nihat hoyeche.,1,crime,1,[]
চট্টগ্রাম-খাগড়াছড়ি মহাসড়কের মনিয়া পুকুর পাড় এলাকায় ট্রাক ও হায়েসের মধ্যে সড়ক দুর্ঘটনা ঘটে।,1,road accident,1,"['খাগ', 'ডা', 'ডি', 'মহা', 'সড', 'কে']"
"চট্টগ্রাম-খাগড়াছড়ি মহাসড়কে আবারও সড়ক দুর্ঘটনা, ট্রাক ও হায়েসের সংঘর্ষ হয়েছে মনিয়া পুকুর পাড় এলাকায়।",1,road accident,1,"['খাগ', 'ডা', 'ডি', 'মহা', 'সড']"
মনিয়া পুকুর পাড় এলাকায় ট্রাক ও হায়েসের মধ্যে ভয়াবহ সড়ক দুর্ঘটনা ঘটে চট্টগ্রাম মহাসড়কে।,1,road accident,1,"['মহা', 'সড']"
চট্টগ্রাম-খাগড়াছড়ি সড়কে ট্রাক ও হায়েসের সংঘর্ষে আবারও দুর্ঘটনার খবর পাওয়া গেছে।,1,road accident,1,"['খাগ', 'ডা', 'ডি']"
Chattogram-Khagrachhari highway e truck o Hiace accident hoyeche Monia pukur par area te.,1,road accident,1,[]
"Chattogram-Khagrachhari road e truck vs Hiace collision hoyeche, accident reported.",1,road accident,1,[]
দীঘিনালা ৮ মাইল এলাকায় সাজেক থেকে ফেরার পথে মাহিন্দ্রা ও মোটরসাইকেলের মধ্যে দুর্ঘটনা ঘটে।,1,road accident,1,"['দীঘিনালা', 'সাজেক']"
ব্লাড ক্যাম্পেইন শেষে ফেরার সময় সাজেক–বাঘাইহাট সড়কে মাহিন্দ্রা ও মোটরসাইকেল দুর্ঘটনায় পড়ে।,1,road accident,1,['সাজেক']
দীঘিনালা এলাকায় মাহিন্দ্রা ও মোটরসাইকেলের সংঘর্ষে ভয়াবহ সড়ক দুর্ঘটনা ঘটে।,1,road accident,1,['দীঘিনালা']
Sajek–Baghaighat e blood campaign sheshe pherar pothe Dighinala 8 mile e Mahindra o motorcycle accident hoyeche.,1,road accident,1,[]
"Sajek road e ferar somoy Mahindra vs motorcycle accident hoyeche, Dighinala 8 mile area te.",1,road accident,1,[]
মানিকছড়িতে সকালে ভয়াবহ সড়ক দুর্ঘটনায় শান্তি এক্সপ্রেস ও সিএনজির সংঘর্ষে ৭ জন আহত হয়েছেন।,1,road accident,1,"['মানিক', 'ডি']"
মানিকছড়ি এলাকায় সকালে শান্তি এক্সপ্রেস ও সিএনজির মধ্যে সংঘর্ষে ৭ জন আহত হয়।,1,road accident,1,"['মানিক', 'ডি']"
মানিকছড়িতে সড়ক দুর্ঘটনায় শান্তি এক্সপ্রেস ও সিএনজি মুখোমুখি সংঘর্ষে বেশ কয়েকজন আহত হন।,1,road accident,1,"['মানিক', 'ডি']"
সকালবেলায় মানিকছড়িতে ভয়াবহ দুর্ঘটনায় যাত্রীবাহী বাস ও সিএনজি সংঘর্ষে ৭ জন আহত হয়েছেন।,1,road accident,1,"['সকালবেলা', 'মানিক', 'ডি']"
Manikchhari te shokal e Shanti Express o CNG collision e 7 jon ahoto hoyeche.,1,road accident,1,[]
Manikchhari te Shanti Express vs CNG accident e 7 people injured hoyeche.,1,road accident,1,[]
খাগড়াছড়ির মাটিরাঙ্গা উপজেলার বাইল্যাছড়ি যৌথ খামার এলাকায় কাভার্ড ভ্যান দুর্ঘটনায় চালক ও হেলপার গুরুতর আহত হয়েছেন।,1,road accident,1,"['মাটির', 'গা', 'উপজেলার', 'বাইল', 'যা', 'ডি']"
মাটিরাঙ্গায় ফরস্টার ট্রান্সপোর্ট সার্ভিসের একটি কাভার্ড ভ্যান গাছের সাথে ধাক্কা খেয়ে চালক ও হেলপার গুরুতর আহত হন।,1,road accident,1,"['মাটির', 'গা']"
মাটিরাঙ্গা এলাকায় নিয়ন্ত্রণ হারিয়ে কাভার্ড ভ্যান দুর্ঘটনায় দুইজন গুরুতর আহত হওয়ার ঘটনা ঘটে।,1,road accident,1,"['মাটির', 'গা']"
বাইল্যাছড়ি এলাকায় কাভার্ড ভ্যান গাছের সাথে ধাক্কা লেগে চালক-হেলপার গুরুতর আহত হয়েছেন।,1,road accident,1,"['বাইল', 'যা', 'ডি']"
Matiranga te covered van accident e driver o helper gurutor ahoto hoyeche.,1,road accident,1,[]
Matiranga te covered van crash hoye driver o helper seriously injured hoyeche.,1,road accident,1,[]
সাপমারা এলাকায় একটি জীপ ও শান্তি পরিবহনের বাসের মধ্যে ভয়াবহ সংঘর্ষ ঘটে।,1,road accident,1,[]
সাপমারায় জীপগাড়ি ও শান্তি পরিবহনের মুখোমুখি দুর্ঘটনার খবর পাওয়া গেছে।,1,road accident,1,[]
সাপমারা এলাকায় জীপ ও শান্তি পরিবহনের সংঘর্ষে সড়ক দুর্ঘটনা ঘটে।,1,road accident,1,[]
Sapmara area te jeep gari o Shanti poribohon er moddhe head-on collision hoyeche.,1,road accident,1,[]
Sapmara te jeep vs Shanti Paribahan accident hoyeche.,1,road accident,1,[]
"ফটিকছড়ির পাইন্দং আমতল এলাকায় মোটরসাইকেল দুর্ঘটনায় দুইজনের মৃত্যু হয়েছে, যাদের মধ্যে একজন পুলিশ সদস্য ছিলেন।",1,road accident,1,[]
চট্টগ্রাম-খাগড়াছড়ি সড়কে মোটরসাইকেল দুর্ঘটনায় পুলিশসহ ২ জন প্রাণ হারান।,1,road accident,1,"['খাগ', 'ডা', 'ডি']"
"ফটিকছড়ি এলাকায় মোটরসাইকেল দুর্ঘটনায় দুইজন নিহত হওয়ার খবর পাওয়া গেছে, এর মধ্যে একজন পুলিশ।",1,road accident,1,"['ফটিক', 'ডি']"
Chattogram-Khagrachhari highway te motorcycle accident e police shoho 2 jon nihat hoyeche.,1,road accident,1,[]
Fatikchhari te motorcycle crash e police o 2 jon died hoyeche.,1,road accident,1,[]
"খাগড়াছড়ি থেকে চট্টগ্রামগামী শান্তি এক্সপ্রেস বাস হাতিমুড়া এলাকায় মোটরসাইকেলের সাথে মুখোমুখি সংঘর্ষে পড়ে, এতে একজন নিহত হয়েছেন।",1,road accident,1,"['খাগ', 'ডা', 'ডি']"
আজ সকালে শান্তি এক্সপ্রেস বাস ও মোটরসাইকেলের সংঘর্ষে হাতিমুড়া এলাকায় একজনের মৃত্যু হয়েছে।,1,road accident,1,[]
জালিয়াপাড়া পার হয়ে হাতিমুড়া এলাকায় বাস ও মোটরসাইকেলের মুখোমুখি দুর্ঘটনায় একজন নিহত হয়েছেন।,1,road accident,1,[]
খাগড়াছড়ি-চট্টগ্রাম রুটে শান্তি এক্সপ্রেস বাসের সাথে মোটরসাইকেলের সংঘর্ষে প্রাণহানির ঘটনা ঘটে।,1,road accident,1,[]
Shanti Express bus o motorcycle er moddhe Hatimura area te accident hoye 1 jon nihat hoyeche.,1,road accident,1,[]
Khagrachhari-Chattogram route e Shanti Express vs motorcycle crash e 1 jon died hoyeche.,1,road accident,1,[]
আলুটিলা এলাকায় নামার পথে শান্তি পরিবহনের গাড়ি নিয়ন্ত্রণ হারিয়ে উল্টে পড়ে।,1,road accident,1,"['আল', 'টিলা']"
আলুটিলায় শান্তি পরিবহনের বাস চাকা পাংচার হয়ে দুর্ঘটনায় পড়ে উল্টে যায়।,1,road accident,1,"['আল', 'টিলা']"
আলুটিলা রাস্তায় নামার সময় বাসটির চাকা ফেটে গিয়ে উল্টে যাওয়ার ঘটনা ঘটে।,1,road accident,1,"['আল', 'টিলা']"
Alutila namar shomoy Shanti poribohon er gari tyre puncher hoye ultiye jay.,1,road accident,1,[]
"Alutila te bus tyre burst hoye overturn hoye geche, Shanti Paribahan involved.",1,road accident,1,[]
"খাগড়াছড়ি–চট্টগ্রাম সড়কের মাটিরাঙ্গা সাপমারা এলাকায় শান্তি পরিবহনের একটি বাস উল্টে যায়, এতে একাধিক যাত্রী আহত হন।",1,road accident,1,"['মাটির', 'গা']"
সাপমারা এলাকায় শান্তি পরিবহনের গাড়ি নিয়ন্ত্রণ হারিয়ে উল্টে গেলে বেশ কয়েকজন আহত হন।,1,road accident,1,[]
"মাটিরাঙ্গার সাপমারা অংশে শান্তি পরিবহনের বাস দুর্ঘটনায় পড়ে উল্টে যায়, যাত্রীদের আহত হওয়ার খবর পাওয়া গেছে।",1,road accident,1,"['মাটির', 'গার']"
খাগড়াছড়ি–চট্টগ্রাম মহাসড়কে সাপমারা এলাকায় বাস উল্টে গিয়ে যাত্রীরা আহত হন।,1,road accident,1,"['মহা', 'সড', 'কে']"
"Khagrachhari–Chattogram road e Sapmara te Shanti Paribahan bus ultiye geche, onek jon ahoto.",1,road accident,1,[]
"Khagrachhari-Chattogram highway te bus overturn hoye geche, passengers injured.",1,road accident,1,[]
সাজেক কিঃমিঃ এলাকায় বিজিবির গাড়ি দুর্ঘটনায় নিয়ন্ত্রণ হারিয়ে নিচে পড়ে গেছে।,1,road accident,1,['সাজেক']
কিছুক্ষণ আগে সাজেক এলাকায় বিজিবির গাড়ি ৩০ ফুট গভীরতায় পড়ে যাওয়ার ঘটনা ঘটে।,1,road accident,1,['সাজেক']
সাজেক কিলোমিটার পয়েন্টে বিজিবির গাড়ি নিয়ন্ত্রণ হারিয়ে নিচে পড়ে দুর্ঘটনায় পড়ে।,1,road accident,1,['সাজেক']
Sajek kilometer area te BGB gari control hariye 30 feet niche pore geche.,1,road accident,1,[]
Sajek e BGB vehicle accident e 30 feet niche neme geche.,1,road accident,1,[]
"খাগড়াছড়ি আলুটিলা–জিরোমাইল সড়কে পাথরবোঝাই একটি ট্রাক নিয়ন্ত্রণ হারিয়ে উল্টে যায়, তবে চালক ও হেলপার অক্ষত আছেন।",1,road accident,1,"['খাগ', 'ডা', 'ডি', 'আল', 'টিলা', 'জি', 'রে', 'ামা', 'ইল']"
আলুটিলা–জিরোমাইল সড়কে পাথরবোঝাই ট্রাক দুর্ঘটনায় উল্টে গেলেও কেউ গুরুতর আহত হয়নি।,1,road accident,1,"['আল', 'টিলা', 'জি', 'রে', 'ামা', 'ইল']"
"খাগড়াছড়িতে পাথরবোঝাই ট্রাক নিয়ন্ত্রণ হারিয়ে উল্টে যায়, সৌভাগ্যবশত চালক ও হেলপার সুস্থ আছেন।",1,road accident,1,"['খাগ', 'ডা', 'ডি']"
আলুটিলা–জিরোমাইল রাস্তায় ট্রাক উল্টে গেলেও বড় ধরনের হতাহতের ঘটনা ঘটেনি।,1,road accident,1,"['আল', 'টিলা', 'জি', 'রে', 'ামা', 'ইল']"
"Alutila–Ziromile road e pathor bowa truck ultiye geche, driver o helper safe ache.",1,road accident,1,[]
"Khagrachhari te stone-loaded truck accident hoye ultiye geche, no major injury.",1,road accident,1,[]
"আলুটিলায় আবারও শান্তি পরিবহনের গাড়ি দুর্ঘটনার কবলে পড়লেও চালকের দক্ষতায় বড় দুর্ঘটনা এড়ানো গেছে, যাত্রীরা সবাই নিরাপদ।",1,road accident,1,"['আল', 'টিলা']"
"আলুটিলা এলাকায় শান্তি পরিবহনের বাস দুর্ঘটনার মুখে পড়লেও বড় ক্ষতি হয়নি, সবাই সুস্থ আছেন।",1,road accident,1,"['আল', 'টিলা']"
চালকের কৌশলের কারণে আলুটিলায় শান্তি পরিবহনের গাড়ি বড় দুর্ঘটনা থেকে রক্ষা পায়।,1,road accident,1,"['[UNK]', 'কারণে', 'আল', 'টিলা']"
আলুটিলায় দুর্ঘটনা হলেও শান্তি পরিবহনের যাত্রীরা নিরাপদে রয়েছেন বলে জানা গেছে।,1,road accident,1,"['আল', 'টিলা']"
Alutila te Shanti Paribahan gari accident er mukhe poreo driver er skill e boro durghotona theke rakha poreche.,1,road accident,1,[]
"Alutila te Shanti bus narrowly escaped accident, passengers are safe.",1,road accident,1,[]
মানিকছড়ি এলাকায় বাস ও সিএনজির মুখোমুখি সংঘর্ষে ৭ জন আহত হন।,1,road accident,1,"['মানিক', 'ডি']"
মানিকছড়িতে সড়ক দুর্ঘটনায় শান্তি এক্সপ্রেস ও সিএনজির সংঘর্ষে ৭ জন আহত।,1,road accident,1,"['মানিক', 'ডি']"
মানিকছড়িতে বাস–সিএনজি সংঘর্ষে বেশ কয়েকজন আহত হওয়ার খবর পাওয়া গেছে।,1,road accident,1,"['মানিক', 'ডি']"
Manikchhari te Shanti Express o CNG collision e 7 jon ahoto.,1,road accident,1,[]
Manikchhari te bus vs CNG accident e 7 people injured.,1,road accident,1,[]
গাড়িটানা বাজারের কাছাকাছি শান্তি এক্সপ্রেস ও সিএনজির মধ্যে সংঘর্ষ ঘটে।,1,road accident,1,[]
খাগড়াছড়ি–চট্টগ্রাম রুটে শান্তি এক্সপ্রেস বাস ও সিএনজির মুখোমুখি দুর্ঘটনা ঘটে।,1,road accident,1,[]
গাড়িটানা এলাকায় বাস ও সিএনজির সংঘর্ষে সড়ক দুর্ঘটনা ঘটে।,1,road accident,1,[]
Khagrachhari theke Chattogram jawar pothe Shanti Express o CNG face-to-face accident hoyeche.,1,road accident,1,[]
Shanti Express vs CNG crash hoyeche near Garitana bazar.,1,road accident,1,[]
খাগড়াছড়ি–দীঘিনালা সড়কে বাঁক ঘুরতে গিয়ে শান্তি পরিবহনের একটি বাস সড়কের বাইরে চলে যায়।,1,road accident,1,['দীঘিনালা']
বাঁক নিতে গিয়ে শান্তি পরিবহনের গাড়ি নিয়ন্ত্রণ হারিয়ে সড়কের বাইরে পড়ে যায়।,1,road accident,1,[]
খাগড়াছড়ি–দীঘিনালা সড়কে শান্তি পরিবহন দুর্ঘটনার মুখে পড়লেও বড় হতাহতের ঘটনা হয়নি।,1,road accident,1,['দীঘিনালা']
সড়ক প্রশস্তকরণের কাজ চলমান থাকা অবস্থায় শান্তি পরিবহনের বাস সড়কের বাইরে চলে যায়।,1,road accident,1,[]
Khagrachhari–Dighinala road e bend nite giye Shanti Paribahan road theke ber hoye geche.,1,road accident,1,[]
Shanti bus off-road hoye geche Khagrachhari-Dighinala road e.,1,road accident,1,[]
মানিকছড়ি গাড়ীটানায় বালুবাহী ট্রাক উল্টে গিয়ে চালক গুরুতর আহত হয়েছেন।,1,road accident,1,"['মানিক', 'ডি']"
গাড়ীটানা এলাকায় বালুবাহী ট্রাক দুর্ঘটনায় উল্টে গেলে চালক গুরুতর আহত হন।,1,road accident,1,[]
মানিকছড়িতে পাহাড়ি পথে বালুবাহী ট্রাক উল্টে চালক আহত হওয়ার ঘটনা ঘটে।,1,road accident,1,"['মানিক', 'ডি']"
যোগ্যাছোলা থেকে বালু নিয়ে যাওয়ার পথে ট্রাক দুর্ঘটনায় গুরুতর আহত হন চালক।,1,road accident,1,[]
"Manikchhari Garitana te sand truck ultiye geche, driver seriously injured.",1,road accident,1,[]
Sand-laden truck accident e driver critical injured hoyeche Manikchhari te.,1,road accident,1,[]
আলুটিলা এলাকায় মাইক্রোবাস ও মোটরসাইকেল দুর্ঘটনায় দুইজন আহত হন।,1,road accident,1,"['আল', 'টিলা']"
খাগড়াছড়ি আলুটিলায় ভয়াবহ সড়ক দুর্ঘটনায় ২ জন আহত হওয়ার খবর পাওয়া গেছে।,1,road accident,1,"['খাগ', 'ডা', 'ডি', 'আল', 'টিলা']"
আলুটিলায় মাইক্রোবাস ও মোটরসাইকেলের সংঘর্ষে আহত ২।,1,road accident,1,"['আল', 'টিলা']"
Alutila te microbus o motorcycle er collision e 2 jon ahoto.,1,road accident,1,[]
Alutila accident e microbus vs bike crash e 2 people injured.,1,road accident,1,[]
রাঙ্গামাটির কুতুকছড়ি বাজার এলাকায় বাঁশবাহী একটি ট্রাক নিয়ন্ত্রণ হারিয়ে উল্টে যায়।,1,road accident,1,"['রা', 'গামা', 'টির', 'কতক', 'ডি']"
রাঙামাটির কুতুকছড়িতে বাঁশবোঝাই ট্রাক দুর্ঘটনায় পড়ে উল্টে গেছে।,1,road accident,1,"['রাঙামাটির', 'কতক', 'ডি']"
কুতুকছড়ি বাজারে বাঁশ পরিবহনকারী ট্রাক উল্টে সড়ক দুর্ঘটনা ঘটে।,1,road accident,1,"['কতক', 'ডি']"
Rangamati Kutukchhari bazar e bashbozhai truck ultiye accident hoyeche.,1,road accident,1,[]
Kutukchhari market e bamboo-loaded truck overturn hoye geche.,1,road accident,1,[]
বেপরোয়া গতির কারণে মাটিরাঙ্গায় একটি কাভার্ড ভ্যান নিয়ন্ত্রণ হারিয়ে গাছে ধাক্কা দেয়।,1,road accident,1,"['মাটির', 'গা']"
খাগড়াছড়ির বাইল্যাছড়ি এলাকায় কাভার্ড ভ্যান দুর্ঘটনায় গাছের সাথে সংঘর্ষের ঘটনা ঘটে।,1,road accident,1,"['খাগ', 'ডা', 'ডির', 'বাইল', 'যা', 'ডি']"
মাটিরাঙ্গা এলাকায় দ্রুতগতির কাভার্ড ভ্যান গাছের সাথে ধাক্কা লেগে দুর্ঘটনায় পড়ে।,1,road accident,1,"['মাটির', 'গা']"
Matiranga Baillyachhari te covered van gacher sathe dhakka kheyeche.,1,road accident,1,[]
Forester Transport er covered van overspeed er karone tree te crash koreche.,1,road accident,1,[]
খাগড়াছড়ির মহালছড়িতে পানিতে ডুবে মো. জুবায়ের হোসেন (৫) নামে এক শিশুর মৃত্যু হয়েছে।,1,waterway,1,"['খাগ', 'ডা', 'ডির', 'মহাল', 'ডি']"
মহালছড়ি উপজেলার কালাপাহাড় এলাকায় পানিতে ডুবে শিশুর মর্মান্তিক মৃত্যু হয়েছে।,1,waterway,1,"['মহাল', 'ডি']"
খাগড়াছড়ির মহালছড়িতে পানিতে পড়ে জুবায়ের হোসেন নামে এক শিশুর প্রাণহানি ঘটে।,1,waterway,1,"['খাগ', 'ডা', 'ডির', 'মহাল', 'ডি']"
মহালছড়িতে পানিতে ডুবে ৫ বছর বয়সী শিশুর মৃত্যু হয়েছে বলে জানা গেছে।,1,waterway,1,"['মহাল', 'ডি']"
Mahalchhari te panite dube shishu Zubayer Hossain er mrityu hoyeche.,1,waterway,1,[]
Mahalchhari te water drowning incident e 5-year-old child died.,1,waterway,1,[]
আলুটিলা এলাকায় আবারও দুর্ঘটনার ঘটনায় একাধিক ব্যক্তি আহত হয়েছেন।,1,road accident,1,"['আল', 'টিলা']"
খাগড়াছড়ির আলুটিলায় ভয়াবহ দুর্ঘটনায় কয়েকজন আহত হওয়ার খবর পাওয়া গেছে।,1,road accident,1,"['খাগ', 'ডা', 'ডির', 'আল', 'টিলা']"
আলুটিলায় পুনরায় সড়ক দুর্ঘটনায় আহত হয়েছেন বেশ কয়েকজন যাত্রী।,1,road accident,1,"['আল', 'টিলা']"
Abaro Alutila te marattok accident e onek jon ahoto hoyeche.,1,road accident,1,[]
Alutila road accident e several people injured hoyeche again.,1,road accident,1,[]
মাটিরাঙ্গা আর্মি জোন সংলগ্ন এলাকায় শান্তি পরিবহনের গাড়ি ও মোটরসাইকেলের সংঘর্ষে ১ জন নিহত হয়েছেন।,1,road accident,1,"['মাটির', 'গা']"
মাটিরাঙ্গায় বাস ও মোটরসাইকেলের দুর্ঘটনায় একজনের মৃত্যু হয়েছে।,1,road accident,1,"['মাটির', 'গা']"
আর্মি জোনের পাশে শান্তি পরিবহন ও মোটরসাইকেলের মুখোমুখি সংঘর্ষে প্রাণহানির ঘটনা ঘটে।,1,road accident,1,[]
মাটিরাঙ্গা এলাকায় সড়ক দুর্ঘটনায় মোটরসাইকেল আরোহী নিহত হয়েছেন।,1,road accident,1,"['মাটির', 'গা']"
Matiranga Army Zone area te Shanti gari o motorcycle collision e 1 jon nihat.,1,road accident,1,[]
Shanti bus vs motorcycle accident e 1 person died near Matiranga Army Zone.,1,road accident,1,[]
খাগড়াছড়ি উচ্চ বিদ্যালয় মাঠের দক্ষিণ পাশে পুকুরপাড়ের রাস্তায় দীর্ঘদিন ধরে একটি বড় গর্ত রয়েছে।,0,normal,0,"['খাগ', 'ডা', 'ডি']"
খাগড়াছড়ি স্কুল মাঠ সংলগ্ন সড়কের বড় গর্ত নিয়ে স্থানীয়দের উদ্বেগ বেড়েছে।,0,normal,0,"['খাগ', 'ডা', 'ডি']"
পুকুরপাড়ের রাস্তার মাঝখানে বড় গর্ত থাকায় চলাচলে ঝুঁকি তৈরি হয়েছে।,0,normal,0,[]
খাগড়াছড়ি উচ্চ বিদ্যালয় এলাকার রাস্তায় বড় গর্তের কারণে দুর্ঘটনার আশঙ্কা দেখা দিয়েছে।,0,normal,0,"['খাগ', 'ডা', 'ডি']"
Khagrachhari High School field er pasher road e onek din dhore boro gorto ache.,0,normal,0,[]
Khagrachhari school area road e huge pothole er jonno accident risk bere geche.,0,normal,0,[]
দীঘিনালা এলাকায় সড়ক দুর্ঘটনায় একজনের মৃত্যু হয়েছে।,1,road accident,1,['দীঘিনালা']
খাগড়াছড়ি দীঘিনালায় ভয়াবহ দুর্ঘটনায় প্রাণ হারিয়েছেন ১ জন।,1,road accident,1,"['খাগ', 'ডা', 'ডি', 'দীঘিনালা']"
দীঘিনালায় সড়ক দুর্ঘটনায় নিহত ১।,1,road accident,1,['দীঘিনালা']
Dighinala te road accident e 1 jon nihat hoyeche.,1,road accident,1,[]
Khagrachhari Dighinala road crash e 1 person died.,1,road accident,1,[]
সাজেক রুটে দুর্ঘটনা বৃদ্ধির পেছনে চালকের অদক্ষতা ও অনিরাপদ যানবাহনকে দায়ী করছেন স্থানীয়রা।,1,road accident,1,['সাজেক']
বেপরোয়া গতি ও ফিটনেসবিহীন গাড়ির কারণেই সাজেক সড়কে দুর্ঘটনা ঘটছে বলে মনে করছেন যাত্রীরা।,1,road accident,1,['সাজেক']
সাজেকে যাতায়াতের পথে দুর্ঘটনার জন্য অদক্ষ চালক ও অনিরাপদ গাড়িকে দায়ী করা হচ্ছে।,1,road accident,1,['সাজেক']
Odhokkho driver o fitness bihin gari Sajek road accident er main karon.,1,road accident,1,[]
Sajek route e overspeed o unfit vehicle er jonno accident beshi hocche.,1,road accident,1,[]
"খাগড়াছড়ি–রাঙ্গামাটি মহালছড়ি সড়কের গোগড়াছড়ি এলাকায় ট্রাক দুর্ঘটনা ঘটেছে, তবে হতাহতের খবর পাওয়া যায়নি।",1,road accident,1,"['রা', 'গামা', 'টি', 'মহাল', 'ডি', 'ডক', 'ের', 'গে', 'াগ', 'ডা']"
মহালছড়ি সড়কে ট্রাক দুর্ঘটনায় কোনো প্রাণহানির ঘটনা ঘটেনি বলে জানা গেছে।,1,road accident,1,"['মহাল', 'ডি']"
গোগড়াছড়ি এলাকায় ট্রাক দুর্ঘটনা হলেও কেউ আহত হয়নি।,1,road accident,1,"['গে', 'াগ', 'ডা', 'ডি']"
খাগড়াছড়ি–রাঙ্গামাটি সড়কে ট্রাক দুর্ঘটনায় বড় ধরনের ক্ষয়ক্ষতি হয়নি।,1,road accident,1,[]
"Gogorachhari area te truck accident hoyeche, no casualty reported.",1,road accident,1,[]
Khagrachhari-Rangamati road e truck crash holeo keu injured hoyni.,1,road accident,1,[]
সাপমারায় জীপ ও শান্তি পরিবহনের বাসের সংঘর্ষে সড়ক দুর্ঘটনা ঘটে।,1,road accident,1,[]
শান্তি পরিবহন ও জীপগাড়ির মুখোমুখি সংঘর্ষের ঘটনা ঘটেছে সাপমারা এলাকায়।,1,road accident,1,[]
সাপমারা এলাকায় বাস ও জীপের ভয়াবহ সংঘর্ষের খবর পাওয়া গেছে।,1,road accident,1,[]
Sapmara te jeep gari o Shanti Paribahan er head-on collision hoyeche.,1,road accident,1,[]
Sapmara area te jeep vs Shanti bus accident hoyeche.,1,road accident,1,[]
মহালছড়ির জামতলা এলাকায় পানিতে ডুবে দুই শিশুর প্রাণহানির ঘটনা ঘটেছে।,1,waterway,1,[]
পাকুজ্যাছড়ি জামতলায় পানিতে ডুবে ভাইবোনের মর্মান্তিক মৃত্যু হয়েছে।,1,waterway,1,"['পাক', 'যা', 'ডি']"
মহালছড়িতে পানিতে ডুবে দুই ভাইবোন মারা গেছে বলে জানা গেছে।,1,waterway,1,"['মহাল', 'ডি']"
Mahalchhari Pakujyachhari Jamtola te panite dube dui bhaibon mara geche.,1,waterway,1,[]
Mahalchhari te drowning incident e two siblings died hoyeche.,1,waterway,1,[]
"চট্টগ্রাম থেকে খাগড়াছড়িগামী শান্তি এক্সপ্রেস বাস হাতিমুরা ক্যাম্পের নিচে নিয়ন্ত্রণ হারিয়ে গাছে ধাক্কা খেয়ে ২০ যাত্রী আহত হয়েছেন, তাদের মধ্যে কয়েকজনের অবস্থা আশঙ্কাজনক।",1,road accident,1,[]
হাতিমুরা এলাকায় শান্তি এক্সপ্রেস বাস দুর্ঘটনায় অন্তত ২০ জন আহত হয়েছেন।,1,road accident,1,[]
"খাগড়াছড়িগামী শান্তি এক্সপ্রেস বাস গাছের সাথে ধাক্কা লেগে দুর্ঘটনায় পড়ে, এতে বহু যাত্রী আহত হন।",1,road accident,1,[]
হাতিমুরা ক্যাম্পের নিচে বাস দুর্ঘটনায় ২০ জন আহত এবং কয়েকজন গুরুতর আহত হওয়ার খবর পাওয়া গেছে।,1,road accident,1,[]
Shanti Express bus Hatimura camp er niche gacher sathe crash kore 20 passenger injured hoyeche.,1,road accident,1,[]
Chattogram-Khagrachhari route e Shanti bus accident e several passengers critical injured.,1,road accident,1,[]
সড়ক দুর্ঘটনায় ডা. রাজেন্দ্রর গাড়ি ও অটোরিকশার সংঘর্ষে একজন চালক নিহত হয়েছেন।,1,road accident,1,[]
অটোরিকশা ও ব্যক্তিগত গাড়ির সংঘর্ষে ঘটনাস্থলে অটোচালক প্রাণ হারান।,1,road accident,1,[]
ভয়াবহ সড়ক দুর্ঘটনায় অটোচালকের মৃত্যু হয়েছে বলে জানা গেছে।,1,road accident,1,[]
Dr. Rajendra sir er gari o auto-rickshaw collision e auto driver mara geche.,1,road accident,1,[]
Car vs auto accident e auto driver spot dead hoyeche.,1,road accident,1,[]
মানিকছড়ির ভোলাইয়াপাড়ায় একটি বসতবাড়িতে অগ্নিকাণ্ডের ঘটনা ঘটেছে।,1,natural disaster,1,[]
ভোলাইয়াপাড়া এলাকায় বাড়িতে আগুন লাগার খবর পাওয়া গেছে।,1,natural disaster,1,[]
মানিকছড়িতে অগ্নিকাণ্ডে একটি বসতঘর ক্ষতিগ্রস্ত হয়েছে।,1,natural disaster,1,"['মানিক', 'ডি']"
ভোলাইয়াপাড়ার একটি বাড়িতে আগুন লেগে আতঙ্ক ছড়িয়ে পড়ে।,1,natural disaster,1,[]
Manikchhari Bholaiyapara te bostobari te agun legeche.,1,natural disaster,1,[]
Manikchhari te residential house e fire incident hoyeche.,1,natural disaster,1,[]
গুইমারা উপজেলার বাইল্যাছড়ি স্কুলপাড়া এলাকায় মোটরসাইকেল ও শান্তি পরিবহনের বাসের সংঘর্ষে ভয়াবহ সড়ক দুর্ঘটনা ঘটেছে।,1,road accident,1,"['ইম', 'ারা', 'উপজেলার', 'বাইল', 'যা', 'ডি']"
বাইল্যাছড়ি এলাকায় মোটরসাইকেল ও বাসের মুখোমুখি সংঘর্ষের ঘটনা ঘটেছে।,1,road accident,1,"['বাইল', 'যা', 'ডি']"
গুইমারায় শান্তি পরিবহনের বাস ও মোটরসাইকেলের সংঘর্ষে দুর্ঘটনার খবর পাওয়া গেছে।,1,road accident,1,"['ইম', 'ারা']"
স্কুলপাড়া এলাকায় বাস ও মোটরসাইকেলের সরাসরি সংঘর্ষে সড়ক দুর্ঘটনা ঘটে।,1,road accident,1,[]
Guimara Baillyachhari School Para te motorcycle o Shanti bus er collision hoyeche.,1,road accident,1,[]
Guimara te bus vs bike accident reported near School Para.,1,road accident,1,[]
পানছড়ি সড়কে উগ্রপন্থি ও জঙ্গি উপস্থিতির আতঙ্কের কথা জানিয়েছেন এক ব্যক্তি।,1,crime,1,"['পান', 'ডি']"
পানছড়ি রাস্তায় নিরাপত্তা নিয়ে উদ্বেগ প্রকাশ করেছেন স্থানীয় এক পথচারী।,1,crime,1,"['পান', 'ডি']"
পানছড়ি এলাকায় উগ্রপন্থি তৎপরতার আশঙ্কায় আতঙ্ক ছড়িয়েছে বলে দাবি করা হয়েছে।,1,crime,1,"['পান', 'ডি']"
পানছড়ি রাস্তায় ঝুঁকিপূর্ণ পরিস্থিতির মুখোমুখি হওয়ার কথা জানিয়েছেন এক ব্যক্তি।,1,crime,1,"['পান', 'ডি']"
Panchhari road e extremist der voy peye ekjon narrowly beche geche bole bolche.,1,crime,1,[]
Panchhari road e militant fear er karone ekjon panic experience share koreche.,1,crime,1,[]
মহালছড়ি বাজার এলাকায় অগ্নিকাণ্ডের খবর পাওয়া গেছে।,1,natural disaster,1,"['মহাল', 'ডি']"
মহালছড়ি বাজারে ভয়াবহ আগুনে আতঙ্ক ছড়িয়ে পড়ে।,1,natural disaster,1,"['মহাল', 'ডি']"
বাজার এলাকায় আগুন লাগার পর স্থানীয়দের মধ্যে উদ্বেগ দেখা দেয়।,1,natural disaster,1,[]
Mahalchhari bazar e agun legeche.,1,natural disaster,1,[]
Mahalchhari market e fire incident reported.,1,natural disaster,1,[]
ঢাকা থেকে আসা শান্তি পরিবহনের একটি বাস জালিয়াপাড়ার আগে পাহাড়ি খাদে পড়ে দুর্ঘটনার শিকার হয়েছে।,1,road accident,1,[]
ভোরে শান্তি পরিবহনের বাস নিয়ন্ত্রণ হারিয়ে খাদে পড়ে যায় বলে জানা গেছে।,1,road accident,1,[]
জালিয়াপাড়া এলাকায় পাহাড় থেকে বাস নিচে পড়ে দুর্ঘটনার ঘটনা ঘটে।,1,road accident,1,[]
ঢাকা-খাগড়াছড়ি রুটের শান্তি পরিবহনের বাস খাদে পড়ে যাওয়ার খবর পাওয়া গেছে।,1,road accident,1,"['খাগ', 'ডা', 'ডি']"
Dhaka theke asha Shanti Paribahan bus khade pore accident hoyeche.,1,road accident,1,[]
Shanti bus hill slope theke niche khade pore geche near Jaliapara.,1,road accident,1,[]
সাপমারায় জীপ ও শান্তি পরিবহনের মধ্যে ভয়াবহ সড়ক দুর্ঘটনা ঘটেছে।,1,road accident,1,[]
জীপগাড়ি ও বাসের সংঘর্ষে সাপমারা এলাকায় দুর্ঘটনার খবর পাওয়া গেছে।,1,road accident,1,[]
সাপমারা এলাকায় শান্তি পরিবহন ও জীপগাড়ির মুখোমুখি দুর্ঘটনা ঘটে।,1,road accident,1,[]
Sapmara te jeep gari o Shanti bus er head-on collision hoyeche.,1,road accident,1,[]
Sapmara area te jeep vs Shanti Paribahan accident hoyeche.,1,road accident,1,[]
দীঘিনালা-খাগড়াছড়ি সড়কের ভৈরফা এলাকায় সিমেন্টবোঝাই ট্রাক উল্টে ড্রাইভারসহ অন্তত ৩ জন আহত হয়েছেন।,1,road accident,1,"['দীঘিনালা', 'খাগ', 'ডা', 'ডি']"
ভৈরফা এলাকায় সিমেন্টবাহী ট্রাক দুর্ঘটনায় পড়ে কয়েকজন আহত হন।,1,road accident,1,[]
দীঘিনালা সড়কে সিমেন্টবোঝাই ট্রাক উল্টে ড্রাইভারসহ ৩ জন আহত হওয়ার খবর পাওয়া গেছে।,1,road accident,1,['দীঘিনালা']
খাগড়াছড়ি সড়কে ট্রাক উল্টে অন্তত তিনজন আহত হয়েছেন।,1,road accident,1,"['খাগ', 'ডা', 'ডি']"
Dighinala-Khagrachhari road e cement-loaded truck ultiye 3 jon injured hoyeche.,1,road accident,1,[]
Cement truck overturn accident e driver shoho 3 people injured near Bhoirfa area.,1,road accident,1,[]
হাউজ পাড়া এলাকায় চান্দের গাড়ি দুর্ঘটনায় পড়ে কয়েকজন পর্যটক আহত হন।,1,road accident,1,[]
সাজেক সড়কে পর্যটকবাহী জীপ খাদে পড়ে আহত হয়েছেন একাধিক যাত্রী।,1,road accident,1,['সাজেক']
সাজেকের হাউজ পাড়া এলাকায় নিয়ন্ত্রণ হারিয়ে চান্দের গাড়ি খাদে পড়ে দুর্ঘটনা ঘটে।,1,road accident,1,['সাজেকের']
Sajek road er House Para te tourist jeep khade pore onek jon injured hoyeche.,1,road accident,1,[]
Sajek route e tourist Chand er gari accident e several passengers injured.,1,road accident,1,[]
সকাল ৬টার দিকে বুদংপাড়া এলাকায় একটি বড় দুর্ঘটনার ঘটনা ঘটে।,1,road accident,1,[]
বুদংপাড়ায় নিয়ন্ত্রণ হারানো গাড়ির দুর্ঘটনায় আতঙ্ক ছড়িয়ে পড়ে।,1,road accident,1,[]
ভোরে বুদংপাড়া এলাকায় ভয়াবহ দুর্ঘটনার খবর পাওয়া গেছে।,1,road accident,1,[]
Budongpara te control hariye voyaboh accident hoyeche shokal 6 tar dike.,1,road accident,1,[]
Budongpara area te early morning road accident reported.,1,road accident,1,[]
মহালছড়ি সিন্দুকছড়ি এলাকায় সড়ক দুর্ঘটনা ঘটেছে।,1,road accident,1,"['মহাল', 'ডি', 'সিন', 'দক']"
সিন্দুকছড়ি সড়কে দুর্ঘটনার খবর পাওয়া গেছে।,1,road accident,1,"['সিন', 'দক', 'ডি']"
মহালছড়ির সিন্দুকছড়ি রাস্তায় যানবাহন দুর্ঘটনায় পড়ে।,1,road accident,1,"['মহাল', 'ডির', 'সিন', 'দক', 'ডি']"
মহালছড়ি এলাকায় সড়ক দুর্ঘটনায় আতঙ্ক ছড়িয়েছে।,1,road accident,1,"['মহাল', 'ডি']"
Mahalchhari Sindukchhari road e accident hoyeche.,1,road accident,1,[]
Sindukchhari road accident reported in Mahalchhari.,1,road accident,1,[]
খাগড়াছড়ির মাটিরাঙ্গা সাপমারা এলাকায় সাজেক পরিবহন ও রকি পরিবহনের মুখোমুখি সংঘর্ষে ১ জন নিহত হয়েছেন।,1,road accident,1,"['মাটির', 'গা', 'সাজেক']"
সাপমারা এলাকায় দুটি যাত্রীবাহী গাড়ির সংঘর্ষে একজনের মৃত্যু এবং বেশ কয়েকজন আহত হয়েছেন।,1,road accident,1,[]
মাটিরাঙ্গায় সাজেক পরিবহন ও ট্যুরিস্ট গাড়ির দুর্ঘটনায় গুরুতর আহত হয়েছেন একাধিক যাত্রী।,1,road accident,1,"['মাটির', 'গা', 'সাজেক']"
সাপমারা এলাকায় ভয়াবহ সড়ক দুর্ঘটনায় ঘটনাস্থলেই একজন নিহত হন।,1,road accident,1,[]
Matiranga Sapmara te Sajek Paribahan o Rocky Paribahan collision e 1 jon nihat.,1,road accident,1,[]
Sajek bus vs tourist vehicle crash e several passengers seriously injured hoyeche.,1,road accident,1,[]
খাগড়াছড়ি থেকে বারাইয়ারহাট সড়কে একদিনে তিনটি সড়ক দুর্ঘটনা ঘটেছে।,1,road accident,1,"['খাগ', 'ডা', 'ডি']"
বারাইয়ারহাট রোডে বারবার দুর্ঘটনায় উদ্বেগ প্রকাশ করেছেন স্থানীয়রা।,1,road accident,1,[]
খাগড়াছড়ি–বারাইয়ারহাট সড়ককে ঝুঁকিপূর্ণ সড়ক হিসেবে উল্লেখ করছেন যাত্রীরা।,1,road accident,1,[]
একদিনে তিনটি দুর্ঘটনার পর বারাইয়ারহাট সড়কের নিরাপত্তা নিয়ে প্রশ্ন উঠেছে।,1,road accident,1,[]
Khagrachhari-Baraiyarhat road e ek dine 3 ta accident hoyeche.,1,road accident,1,[]
Baraiyarhat road ke dangerous road bola hocche after multiple accidents.,1,road accident,1,[]
ঘাগড়া বাঁক এলাকায় যানবাহন দুর্ঘটনার খবর পাওয়া গেছে।,1,road accident,1,[]
রাঙামাটির ঘাগড়া এলাকায় সড়ক দুর্ঘটনায় আতঙ্ক ছড়িয়েছে।,1,road accident,1,['রাঙামাটির']
ঘাগড়া বাঁকে দুর্ঘটনার ঘটনায় স্থানীয়দের মধ্যে উদ্বেগ দেখা দিয়েছে।,1,road accident,1,[]
Rangamati Ghagra bank e road accident hoyeche.,1,road accident,1,[]
Ghagra turn area te road crash reported.,1,road accident,1,[]
চট্টগ্রামের কর্ণফুলী এলাকায় মর্মান্তিক সড়ক দুর্ঘটনা ঘটেছে।,1,road accident,1,[]
কর্ণফুলী এলাকায় ভয়াবহ দুর্ঘটনার খবর পাওয়া গেছে।,1,road accident,1,[]
চট্টগ্রামে কর্ণফুলী অঞ্চলে একটি বড় ধরনের দুর্ঘটনা ঘটে।,1,road accident,1,[]
কর্ণফুলী এলাকায় দুর্ঘটনায় আতঙ্ক ছড়িয়ে পড়ে।,1,road accident,1,[]
Chattogram Karnaphuli area te marattok accident hoyeche.,1,road accident,1,[]
Karnaphuli te serious road accident reported.,1,road accident,1,[]
খাগড়াছড়ি জয় নার্সারী এলাকার সামনে থেকে একটি গাড়ি চুরির ঘটনা ঘটেছে।,1,crime,1,"['খাগ', 'ডা', 'ডি']"
খাগড়াছড়িতে গভীর রাতে গাড়ি চুরি হওয়ার খবর পাওয়া গেছে।,1,crime,1,"['খাগ', 'ডা', 'ডি']"
জয় নার্সারীর সামনে পার্ক করা গাড়িটি চুরি করে নিয়ে যায় দুর্বৃত্তরা।,1,crime,0,[]
Khagrachhari Joy Nursery er samne theke gari churi hoyeche rat 2:20 e.,1,crime,1,[]
Joy Nursery area te parked vehicle theft incident reported.,1,crime,1,[]
খাগড়াছড়ির আলুটিলা পর্যটন কেন্দ্র ‘তারেং’-এ এক স্কুল শিক্ষিকাকে অস্ত্রের মুখে ধর্ষণের অভিযোগে একজনকে আটক করেছে পুলিশ।,1,crime,1,"['খাগ', 'ডা', 'ডির', 'আল', 'টিলা']"
আলুটিলা পর্যটন এলাকায় এক নারী শিক্ষিকার ওপর হামলার ঘটনায় অভিযুক্তকে গ্রেপ্তার করা হয়েছে।,1,crime,1,"['আল', 'টিলা']"
খাগড়াছড়িতে পর্যটন কেন্দ্রে নারী নির্যাতনের ঘটনায় পুলিশ একজন মোটরসাইকেল চালককে আটক করেছে।,1,crime,1,"['খাগ', 'ডা', 'ডি']"
আলুটিলা এলাকায় অস্ত্রের মুখে এক শিক্ষিকাকে ধর্ষণের অভিযোগে তদন্ত শুরু করেছে আইনশৃঙ্খলা বাহিনী।,1,crime,1,"['আল', 'টিলা']"
Alutila tourist spot e school teacher ke gunpoint e rape korar obhijoge 1 jon atok.,1,crime,1,[]
Alutila tourism area te sexual assault case e suspect arrested by police.,1,crime,1,[]
দীঘিনালা উপজেলার বোয়ালখালী নতুন বাজারে মিউজিক জোন মোবাইল দোকানে চুরির ঘটনা ঘটেছে।,1,crime,1,['দীঘিনালা']
বোয়ালখালী নতুন বাজারের একটি মোবাইল দোকান সোমবার গভীর রাতে চুরি হয়েছে।,1,crime,1,[]
দীঘিনালায় ব্যবসাপ্রতিষ্ঠানে চুরির ঘটনায় স্থানীয় ব্যবসায়ীদের মধ্যে উদ্বেগ দেখা দিয়েছে।,1,crime,1,['দীঘিনালা']
Dighinala Boalkhali Notun Bazar e mobile shop churi hoyeche.,1,crime,1,[]
Dighinala Boalkhali Notun Bazar er music Zone mobile store e midnight theft incident reported.,1,crime,1,[]
আজ ভোরে খাগড়াছড়ি সদরের নয়নপুর এলাকায় একটি বৈদ্যুতিক অটোরিকশা চুরি হয়েছে।,1,crime,1,"['খাগ', 'ডা', 'ডি', 'সদরের', 'নয', 'পর']"
Khagrachhari sadar e electric auto theft incident reported.,1,crime,1,[]
খাগড়াছড়ি সদরে ভোররাতে বৈদ্যুতিক অটোরিকশা চুরির খবর পাওয়া গেছে।,1,crime,1,"['খাগ', 'ডা', 'ডি']"
খাগড়াছড়ি সদরের সমাজসেবা অফিসের পাশে সুজুকি হায়াতি ১১০ সিসি মোটরসাইকেল চুরি হয়েছে।,1,crime,1,"['খাগ', 'ডা', 'ডি']"
খাগড়াছড়ি সদরে পার্ক করা মোটরসাইকেলটি চুরি করে নিয়ে যায় দুর্বৃত্তরা।,1,crime,1,"['খাগ', 'ডা', 'ডি']"
Khagrachhari sadar e Suzuki Hayate bike churi hoye geche.,1,crime,1,[]
নয়নপুর রুখই চৌধুরী পাড়া এলাকায় চুরির চেষ্টা ব্যর্থ হওয়ার পর পাশের বাসায় চুরির ঘটনা ঘটে।,1,crime,1,"['নয', 'পর']"
নয়নপুর এলাকায় চোর প্রথমে এক বাসায় ঢোকার চেষ্টা করে ব্যর্থ হয়ে অন্য বাসায় চুরি করে।,1,crime,1,"['নয', 'পর']"
Noyonpur Rukhai Chowdhury Para te churi attempt er por pasher basay theft hoyeche.,1,crime,1,[]
খাগড়াছড়ি বায়তুশ শরফ মাদ্রাসার অফিস সহকারীর সাইকেল চুরি হয়েছে।,1,crime,1,"['খাগ', 'ডা', 'ডি']"
খাগড়াছড়িতে সাইকেল চুরির ঘটনায় স্থানীয়দের মধ্যে উদ্বেগ দেখা দিয়েছে।,1,crime,1,"['খাগ', 'ডা', 'ডি']"
Baitush Sharaf Madrasa area te bicycle churi hoyeche.,1,crime,1,[]
Khagrachhari te cycle theft incident reported at madrasa area.,1,crime,1,[]
গতকাল এশার নামাজের পর খাগড়াছড়ি কলেজ গেইট খেজুর বাগান জামে মসজিদের ২টি দানবাক্স থেকে টাকা চুরি হয়েছে।,1,crime,1,"['নামাজের', 'পর', 'খাগ', 'ডা', 'ডি']"
খাগড়াছড়ি কলেজ গেইট এলাকার খেজুর বাগান জামে মসজিদে দানবাক্স চুরির ঘটনা ঘটেছে।,1,crime,1,"['খাগ', 'ডা', 'ডি']"
খাগড়াছড়ি কলেজ গেইট খেজুর বাগান জামে মসজিদের দুটি দানবাক্স ভেঙে টাকা চুরি করে নিয়ে যায় দুর্বৃত্তরা।,1,crime,1,"['খাগ', 'ডা', 'ডি']"
খাগড়াছড়ি কলেজ গেইটের খেজুর বাগান জামে মসজিদ থেকে দানবাক্সের টাকা চুরি হওয়ার খবর পাওয়া গেছে।,1,crime,1,"['খাগ', 'ডা', 'ডি']"
Khagrachhari College Gate Khejur Bagan Jame Mosjid theke 2 ta donation box er taka churi hoyeche.,1,crime,1,[]
Khagrachhari College Gate area te mosque donation box theft incident hoyeche.,1,crime,1,[]
রাঙামাটি এলাকায় রুমেন্টু চাকমার মোটরসাইকেল চুরির ঘটনায় থানায় মামলা করা হয়েছে।,1,crime,1,['রাঙামাটি']
খাগড়াছড়ির এক যুবকের মোটরসাইকেল রাঙামাটি থেকে চুরি হয়ে যাওয়ার খবর পাওয়া গেছে।,1,crime,1,['রাঙামাটি']
রাঙামাটি থেকে মোটরসাইকেল চুরির ঘটনায় মালিক থানায় অভিযোগ দায়ের করেছেন।,1,crime,1,['রাঙামাটি']
Rangamati theke Rumentu Chakma r motorcycle churi hoye geche.,1,crime,1,[]
Rangamati area te motorcycle theft er por police case kora hoyeche.,1,crime,1,[]
খাগড়াছড়িতে মোবাইল ও মুদি দোকানে চুরির ঘটনার পর গুলির অভিযোগ উঠেছে।,1,crime,1,"['খাগ', 'ডা', 'ডি']"
খাগড়াছড়ি এলাকায় দোকান চুরি ও সশস্ত্র হামলার অভিযোগ নিয়ে উত্তেজনা দেখা দিয়েছে।,1,crime,1,"['খাগ', 'ডা', 'ডি']"
মোবাইল দোকান ও মুদি দোকানে চুরির পর গুলির ঘটনা ঘটেছে বলে দাবি করা হয়েছে খাগড়াছড়িতে।,1,crime,1,"['করা', 'হযেছে', 'খাগ', 'ডা', 'ডি']"
খাগড়াছড়িতে চুরি ও গোলাগুলির ঘটনায় সন্ত্রাসী সংগঠনের বিরুদ্ধে অভিযোগ উঠেছে।,1,crime,1,"['খাগ', 'ডা', 'ডি']"
Khagrachhari te mobile shop o grocery shop e churi o shooting er obhijog utheche.,1,crime,1,[]
Khagrachhari area te theft and gun attack incident niye tension create hoyeche.,1,crime,1,[]
জুড়াইছড়ি-রাঙামাটি নৌপথে বড় ধরনের দুর্ঘটনা থেকে অল্পের জন্য রক্ষা পাওয়া গেছে।,1,waterway,1,['রাঙামাটি']
জুড়াইছড়ি থেকে রাঙামাটি নৌরুটে দুর্ঘটনার ঘটনা ঘটেছে দুপুর ১টা ৩০ মিনিটে।,1,waterway,1,"['ডাই', 'ডি', 'রাঙামাটি', 'দপ']"
জুড়াইছড়ি-রাঙামাটি নৌপথে দুর্ঘটনার ঘটনায় যাত্রীরা আতঙ্কিত হয়ে পড়েন।,1,waterway,1,['রাঙামাটি']
রাঙামাটি নৌপথে অল্পের জন্য বড় দুর্ঘটনা এড়ানো গেছে বলে জানা গেছে।,1,waterway,1,['রাঙামাটি']
Juraichhari-Rangamati water route e major accident narrowly avoided.,1,waterway,1,[]
Juraichhari-Rangamati noupothe boro accident theke olper jonno rokkha pawa geche.,1,waterway,0,[]
লামায় যান্ত্রিক ত্রুটির কারণে একটি মিনি ট্রাক খাদে পড়ে গেছে।,1,road accident,1,['লামা']
লামা এলাকায় মিনি ট্রাক নিয়ন্ত্রণ হারিয়ে খাদে পড়ে দুর্ঘটনার শিকার হয়েছে।,1,road accident,1,['লামা']
যান্ত্রিক সমস্যার কারণে লামায় মিনি ট্রাক দুর্ঘটনায় পড়ে যায়।,1,road accident,1,['লামা']
লামা সড়কে মিনি ট্রাক খাদে পড়ে যাওয়ার ঘটনা ঘটেছে।,1,road accident,1,['লামা']
Lama te mechanical problem er karone mini truck khade pore geche.,1,road accident,1,[]
Lama area te mini truck mechanical fault er jonno accident koreche.,1,road accident,1,[]
খাগড়াছড়ির আলুটিলা সড়কে নিয়ন্ত্রণ হারিয়ে একটি প্রাইভেট কার উল্টে রাস্তার বাইরে পড়ে গেছে।,1,road accident,1,"['খাগ', 'ডা', 'ডির', 'আল', 'টিলা']"
আলুটিলা এলাকায় প্রাইভেট কার দুর্ঘটনায় নিয়ন্ত্রণ হারিয়ে সড়কের বাইরে চলে যায়।,1,road accident,1,"['আল', 'টিলা']"
খাগড়াছড়ি আলুটিলা সড়কে গাড়ি উল্টে যাওয়ার ঘটনা ঘটেছে।,1,road accident,1,"['খাগ', 'ডা', 'ডি', 'আল', 'টিলা']"
আলুটিলা রাস্তায় প্রাইভেট কার নিয়ন্ত্রণ হারিয়ে দুর্ঘটনায় পড়ে সড়কের বাইরে চলে যায়।,1,road accident,1,"['আল', 'টিলা']"
Khagrachhari Alutila road e private car control hariye ultiye road er baire chole geche.,1,road accident,1,[]
Alutila road e car accident hoye gari off-road hoye geche.,1,road accident,1,[]
খাগড়াছড়ি-দীঘিনালা সড়কের জামতলী বাঙালি পাড়া এলাকায় শান্তি এক্সপ্রেস বাস দুর্ঘটনার কবলে পড়ে।,1,road accident,1,['দীঘিনালা']
দীঘিনালা সড়কে জামতলী এলাকায় শান্তি এক্সপ্রেস পরিবহনের একটি বাস দুর্ঘটনায় পড়ে গর্তে হেলে যায়।,1,road accident,1,['দীঘিনালা']
খাগড়াছড়ি দীঘিনালা সড়কে আবারও বাস দুর্ঘটনার ঘটনা ঘটেছে।,1,road accident,1,"['খাগ', 'ডা', 'ডি', 'দীঘিনালা']"
জামতলী বাঙালি পাড়া এলাকায় শান্তি এক্সপ্রেস বাস রাস্তার পাশের গর্তে পড়ে বিপজ্জনকভাবে হেলে যায়।,1,road accident,1,[]
Khagrachhari Dighinala road e Shanti Express bus accident hoye geche Jamtoli Bangali Para te.,1,road accident,1,[]
Dighinala road e Shanti bus roadside ditch e pore tilt hoye geche.,1,road accident,1,[]
পানছড়ি এলাকায় গুলির ঘটনায় ইউপিডিএফ গণতান্ত্রিকের সংগঠকের মৃত্যু হয়েছে।,1,crime,1,"['পান', 'ডি']"
খাগড়াছড়ি পানছড়িতে সশস্ত্র সংঘর্ষে একজন সংগঠক নিহত হওয়ার খবর পাওয়া গেছে।,1,crime,1,"['খাগ', 'ডা', 'ডি', 'পান']"
পানছড়িতে প্রতিপক্ষের গুলিতে রাজনৈতিক সংগঠনের এক ব্যক্তি প্রাণ হারান।,1,crime,1,"['পান', 'ডি']"
Khagrachhari Panchhari te firing e UPDF Ganotantik er 1 organizer nihat hoyeche.,1,crime,1,[]
Panchhari area te gun attack e political activist died hoyeche.,1,crime,1,[]
জুরাছড়ি থেকে রাঙামাটি যাওয়ার পথে একটি লঞ্চ গাছে ধাক্কা খেয়ে ক্ষতিগ্রস্ত হলেও বড় দুর্ঘটনা থেকে যাত্রীরা রক্ষা পেয়েছেন।,1,waterway,1,"['জরা', 'ডি', 'রাঙামাটি']"
জুরাছড়ি-রাঙামাটি লঞ্চ যাত্রায় গাছের সাথে ধাক্কা লেগে পানি ঢুকতে শুরু করলেও সবাই নিরাপদে নেমে আসতে সক্ষম হন।,1,waterway,1,['রাঙামাটি']
নৌপথে লঞ্চ দুর্ঘটনার মুখে পড়লেও দ্রুত ব্যবস্থা নেওয়ায় বড় বিপদ এড়ানো গেছে।,1,waterway,1,[]
জুরাছড়ি থেকে রাঙামাটি লঞ্চ চলাচলের সময় দুর্ঘটনা ঘটলেও যাত্রীরা প্রাণে বেঁচে যান।,1,waterway,1,"['জরা', 'ডি', 'রাঙামাটি']"
Juraichhari theke Rangamati launch gacher sathe dhakka kheye leak hoye geche.,1,waterway,1,[]
Launch accident e water started entering but passengers escaped safely from Juraichhari route.,1,waterway,0,[]
"গুইমারায় নিয়ন্ত্রণ হারিয়ে একটি বাস সড়কের বাইরে চলে গেছে, তবে হতাহতের খবর পাওয়া যায়নি।",1,road accident,1,"['ইম', 'ারা']"
গুইমারা এলাকায় বাস দুর্ঘটনায় নিয়ন্ত্রণ হারালেও কেউ আহত হয়নি।,1,road accident,1,"['ইম', 'ারা']"
গুইমারায় বাস সড়কের বাইরে চলে যাওয়ার ঘটনায় বড় কোনো ক্ষতি হয়নি।,1,road accident,1,"['ইম', 'ারা']"
নিয়ন্ত্রণ হারিয়ে গুইমারায় বাস অফ-রোড হয়ে গেলেও সবাই নিরাপদ আছেন।,1,road accident,1,"['ইম', 'ারা']"
"Guimara te bus control hariye road er baire chole geche, no casualties.",1,road accident,1,[]
Guimara te bus accident hoye geche but no one injured.,1,road accident,1,[]
"বুদংপাড়া এলাকায় গুইমারায় বাস নিয়ন্ত্রণ হারিয়ে দুর্ঘটনার শিকার হয়েছে, এতে বেশ কয়েকজন যাত্রী আহত হন।",1,road accident,1,"['ইম', 'ারা']"
খাগড়াছড়ি গুইমারা উপজেলায় বাস দুর্ঘটনায় যাত্রীরা আহত হলেও কোনো প্রাণহানির ঘটনা ঘটেনি।,1,road accident,1,"['খাগ', 'ডা', 'ডি', 'ইম', 'ারা']"
"বুদংপাড়ায় যাত্রীবাহী বাস দুর্ঘটনায় পড়ে বহু যাত্রী আহত হয়েছেন, তবে হতাহতের খবর পাওয়া যায়নি।",1,road accident,1,[]
"Guimara Budongpara te bus accident hoye onek passenger injured, no death reported.",1,road accident,1,[]
"Bus accident reported in Guimara Budongpara area, several passengers injured but no casualties.",1,road accident,1,[]
বজ্রপাতের ঘটনায় গুইমারায় একজনের প্রাণহানি ঘটেছে।,1,natural disaster,1,"['ইম', 'ারা']"
খাগড়াছড়ির গুইমারা এলাকায় বজ্রপাতে এক ব্যক্তি নিহত হয়েছেন।,1,natural disaster,1,"['ইম', 'ারা']"
গুইমারায় বজ্রপাতের কারণে এক ব্যক্তির মৃত্যু হওয়ার খবর পাওয়া গেছে।,1,natural disaster,1,"['ইম', 'ারা']"
Guimara te lightning strike e ekjon manusher mrityu hoyeche.,1,natural disaster,1,[]
দীঘিনালা এলাকায় বজ্রপাতের ঘটনায় বিকাশ চাকমা নিহত হয়েছেন।,1,natural disaster,1,['দীঘিনালা']
খাগড়াছড়ির দীঘিনালায় বজ্রপাতে এক ব্যক্তির প্রাণহানি ঘটেছে বলে জানা গেছে।,1,natural disaster,1,['দীঘিনালা']
বজ্রপাতের ঘটনায় দীঘিনালায় বিকাশ চাকমার মৃত্যু হয়েছে।,1,natural disaster,1,['দীঘিনালা']
Dighinala te lightning strike e Bikash Chakma mara geche.,1,natural disaster,1,[]
বোয়ালখালি নতুন বাজার এলাকায় ভোরবেলা অগ্নিকাণ্ডে আতঙ্ক ছড়িয়ে পড়ে।,1,natural disaster,1,[]
দীঘিনালায় নতুন বাজারে অগ্নিকাণ্ডের ঘটনায় বেশ ক্ষয়ক্ষতি হয়েছে বলে জানা গেছে।,1,natural disaster,1,['দীঘিনালা']
বোয়ালখালি এলাকায় ভোরে আগুন লাগার খবর পাওয়া গেছে।,1,natural disaster,1,[]
Dighinala Boalkhali Notun Bazar e voybah agnikando hoyeche.,1,natural disaster,1,[]
সাপমারায় শান্তি পরিবহন বাস ও লোকাল বাসের মধ্যে সড়ক দুর্ঘটনা ঘটেছে।,1,road accident,1,[]
আলুটিলা সাপমারা এলাকায় দুই বাসের মুখোমুখি সংঘর্ষের ঘটনা ঘটে।,1,road accident,1,"['আল', 'টিলা']"
সাপমারা এলাকায় শান্তি পরিবহন ও লোকাল বাসের দুর্ঘটনার খবর পাওয়া গেছে।,1,road accident,1,[]
Alutila Sapmara te Shanti Paribahan o local bus collision hoyeche.,1,road accident,1,[]
Sapmara area te Shanti bus vs local bus accident reported.,1,road accident,1,[]
খাগড়াছড়ির দীঘিনালায় দুর্যোগ পরিস্থিতিতে আটকে পড়াদের উদ্ধার অভিযান চালায় সেনাবাহিনী।,1,natural disaster,1,['দীঘিনালা']
দীঘিনালায় বিপর্যয়ের মধ্যে আটকে থাকা ব্যক্তিদের উদ্ধার করেছে সেনা সদস্যরা।,1,natural disaster,1,['দীঘিনালা']
দুর্যোগে আটকে পড়া লোকজনকে দীঘিনালায় সেনাবাহিনী নিরাপদে উদ্ধার করে।,1,natural disaster,1,['দীঘিনালা']
Dighinala te durjoge atke pora manushder army uddhar koreche.,1,natural disaster,1,[]
লামা এলাকায় ভয়াবহ সড়ক দুর্ঘটনায় ট্রাক খাদে পড়ে দুইজনের মৃত্যু হয়েছে।,1,road accident,1,['লামা']
লাকড়ি বোঝাই ট্রাক পাহাড়ি খাদে পড়ে যাওয়ায় লামায় দুইজন নিহত হন।,1,road accident,1,['লামা']
লামা উপজেলায় ট্রাক দুর্ঘটনায় খাদে পড়ে চালকসহ দুইজন প্রাণ হারান।,1,road accident,1,['লামা']
Lama upojela te truck khade pore driver shoho dui jon nihat hoyeche.,1,road accident,1,[]
Lama Bandarban te log-laden truck accident e 2 people died in deep valley.,1,road accident,1,[]
বান্দরবান ট্রাফিক মোড়ে বেপরোয়া গতিতে চালানো একটি সাদা বোলেরো গাড়ি দুর্ঘটনায় পড়ে একাধিক যানবাহন ও অবকাঠামোর ক্ষতি হয়েছে।,1,road accident,1,"['বান', 'দর']"
ট্রাফিক মোড়ে সাদা বোলেরো গাড়ির নিয়ন্ত্রণ হারিয়ে বড় ট্রাক ও রিকশাসহ একাধিক স্থাপনায় ধাক্কা লাগে।,1,road accident,1,[]
"বান্দরবানে বেপরোয়া গাড়ি চালানোর কারণে বড় ধরনের সড়ক দুর্ঘটনা ঘটে, একাধিক যানবাহন ক্ষতিগ্রস্ত হয়।",1,road accident,1,"['বান', 'দর']"
ট্রাফিক মোড়ে একটি বোলেরো গাড়ি নিয়ন্ত্রণ হারিয়ে রাস্তার লাইট ও যানবাহনে ধাক্কা দেয়।,1,road accident,1,[]
Bandarban traffic mor e white Bolero gari accident kore onek gari o infrastructure damage hoyeche.,1,road accident,1,[]
Bandarban e reckless driving e Bolero vehicle multiple vehicles o street lights ke hit kore.,1,road accident,1,[]
বান্দরবানে প্রায় অর্ধশতক পর্যটক নিয়ে একটি বাস খাদে পড়ে অন্তত ১৫ জন আহত হয়েছেন।,1,road accident,1,"['বান', 'দর']"
পর্যটকবাহী বাস খাদে পড়ে যাওয়ার ঘটনায় বান্দরবানে বহু যাত্রী আহত হয়েছেন।,1,road accident,1,"['বান', 'দর']"
"বান্দরবানে বাস দুর্ঘটনায় পর্যটকরা খাদে পড়ে, অন্তত ১৫ জন আহত হন।",1,road accident,1,"['বান', 'দর']"
বান্দরবানে পর্যটকবাহী বাস নিয়ন্ত্রণ হারিয়ে খাদে পড়ে বড় দুর্ঘটনা ঘটে।,1,road accident,1,"['বান', 'দর']"
Bandarban e tourist bus khade pore 15 jon injured hoyeche.,1,road accident,1,[]
Bandarban te tourist bus accident e at least 15 passengers injured.,1,road accident,1,[]
বান্দরবানে পাহাড়ের পাদদেশে মা ও মেয়ের মরদেহ উদ্ধার করা হয়েছে।,1,crime,1,"['বান', 'দর']"
পাহাড়ের নিচে মা-মেয়ের লাশ পাওয়ার ঘটনায় বান্দরবানে চাঞ্চল্য সৃষ্টি হয়েছে।,1,crime,1,"['বান', 'দর']"
বান্দরবানে পাহাড়ের পাদদেশ থেকে দুইজন নারীর মরদেহ উদ্ধার করেছে পুলিশ।,1,crime,1,"['বান', 'দর']"
মা-মেয়ের মরদেহ পাহাড়ের নিচে পাওয়ার খবর পাওয়া গেছে বান্দরবানে।,1,crime,1,"['বান', 'দর']"
Bandarban e pahar er niche ma meyer morodeho pawa geche.,1,crime,0,[]
সীমান্ত এলাকায় চোরাকারবারীদের হামলায় বিজিবির দুই সদস্য আহত হওয়ার খবর পাওয়া গেছে।,1,crime,1,[]
নাইক্ষ্যংছড়িতে চোরাকারবারীদের আক্রমণে বিজিবির ২ জন সদস্য আহত হন।,1,crime,1,"['নাই', 'কষ', 'ডি']"
নাইক্ষ্যংছড়ি সীমান্তে সংঘর্ষে বিজিবির দুই সদস্য আহত হয়েছে বলে জানা গেছে।,1,crime,1,"['নাই', 'কষ', 'ডি']"
Naikkhyongchhari border e smugglers er hamlay BGB er 2 jon ahoto hoyeche.,1,crime,1,[]
Naikkhyongchhari border area te BGB members injured in smuggler attack.,1,crime,1,[]
কিশোর গ্যাংয়ের আক্রমণে বান্দরবানে একজন যুবক গুরুতর আহত হন বলে জানা গেছে।,1,crime,1,"['বান', 'দর']"
বান্দরবানে গ্যাং হামলায় আহত যুবককে হাসপাতালে ভর্তি করা হয়েছে এবং অভিযোগ দায়ের করা হয়েছে।,1,crime,1,"['বান', 'দর']"
কিশোর গ্যাংয়ের হামলায় গুরুতর আহত হওয়ার ঘটনায় থানায় মামলা হয়েছে বান্দরবানে।,1,crime,1,"['বান', 'দর']"
Bandarban e teenage gang attack e ekjon young man seriously injured hoyeche.,1,crime,1,[]
"Bandarban e gang violence e youth seriously hurt, case filed at thana.",1,crime,1,[]
রাঙ্গামাটির জুরাছড়ি উপজেলার রাজমনিপাড়া এলাকায় অতিরিক্ত বোঝাই একটি নৌযান হঠাৎ ডুবে গেছে।,1,waterway,1,"['রা', 'গামা', 'টির', 'জরা', 'ডি']"
জুরাছড়িতে যাত্রীবাহী নৌকা ডুবে যাওয়ার ঘটনায় নারী-পুরুষসহ কয়েকজন নিখোঁজ বা বিপর্যয়ের শিকার হন।,1,waterway,1,"['জরা', 'ডি']"
রাজমনিপাড়া এলাকায় অতিরিক্ত যাত্রীবোঝাই নৌযান ডুবে দুর্ঘটনা ঘটে।,1,waterway,1,[]
জুরাছড়িতে নৌ দুর্ঘটনায় যাত্রীবাহী একটি নৌকা ডুবে যায় বলে জানা গেছে।,1,waterway,1,"['জরা', 'ডি']"
Juraichhari Rajmonipara te overloaded boat dubey geche.,1,waterway,1,[]
Juraichhari te passenger boat sinking incident reported.,1,waterway,1,[]
নাইক্ষ্যংছড়ি সীমান্তে ইয়াবাসহ এক তঞ্চঙ্গ্যা যুবককে আটক করা হয়েছে।,1,crime,1,"['নাই', 'কষ', 'ডি']"
সীমান্ত এলাকায় ইয়াবা বহনের অভিযোগে এক যুবক আটক হয়েছে নাইক্ষ্যংছড়িতে।,1,crime,1,"['আটক', 'হযেছে', 'নাই', 'কষ', 'ডি']"
নাইক্ষ্যংছড়িতে মাদকসহ একজন যুবককে আটক করেছে আইনশৃঙ্খলা বাহিনী।,1,crime,1,"['নাই', 'কষ', 'ডি']"
সীমান্তে ইয়াবাসহ আটক হওয়া যুবকের বিরুদ্ধে মামলা করা হয়েছে।,1,crime,1,[]
Naikkhyongchhari border e yaba soho ek Tanchangya youth atok hoyeche.,1,crime,1,[]
Naikkhyongchhari te drug possession case e one youth arrested.,1,crime,1,[]
ইউপিডিএফ নেতা ধর্ম শিং চাকমাকে গুলি করে হত্যা করা হয়েছে বলে জানা গেছে।,1,crime,1,[]
সশস্ত্র হামলায় ইউপিডিএফ নেতা ধর্ম শিং চাকমার মৃত্যু হয়েছে।,1,crime,1,[]
"ধর্ম শিং চাকমাকে গুলির ঘটনায় হত্যা করা হয়েছে, স্বজনদের মধ্যে শোক বিরাজ করছে।",1,crime,1,[]
ইউপিডিএফ নেতার গুলিবিদ্ধ হয়ে মৃত্যুর ঘটনায় এলাকায় উত্তেজনা দেখা দিয়েছে।,1,crime,1,[]
UPDF neta Dharma Shing Chakma ke guli kore mara hoyeche.,1,crime,1,[]
"UPDF leader killed in shooting incident, relatives in mourning.",1,crime,1,[]
রাবার ব্যবসায়ী পরিবারের ওপর হামলা ও চাঁদাবাজির ঘটনা ঘটেছে লামা এলাকায়।,1,crime,1,['লামা']
লামায় চাঁদা না দেওয়ায় একটি ব্যবসায়ী পরিবারের ওপর হামলা ও লুটপাটের অভিযোগ পাওয়া গেছে।,1,crime,1,['লামা']
লামা উপজেলায় রাবার ব্যবসায়ী পরিবারকে লক্ষ্য করে হামলা ও সম্পদ লুটের ঘটনা ঘটে।,1,crime,1,['লামা']
Lama te chadabaji niye rubber businessman family er upor hamla o lootpat hoyeche.,1,crime,1,[]
Lama area te extortion related attack e business family affected hoyeche.,1,crime,1,[]
বান্দরবান পৌরসভার স্বর্ণমন্দির এলাকায় মুদির দোকানে আগুন লাগার ঘটনায় এক ব্যবসায়ী আহত হয়েছেন।,1,natural disaster,1,"['বান', 'দর']"
বান্দরবানে দোকানে অগ্নিকাণ্ডে একজন ব্যবসায়ী দগ্ধ হওয়ার খবর পাওয়া গেছে।,1,natural disaster,1,"['বান', 'দর']"
স্বর্ণমন্দির এলাকায় আগুনে মুদির দোকান ক্ষতিগ্রস্ত হয় এবং ব্যবসায়ী আহত হন।,1,natural disaster,1,[]
Bandarban Swarnamandir area te grocery shop e agun lege businessman dagdho hoyeche.,1,natural disaster,1,[]
অভিযানে অস্ত্র ও গোলাবারুদসহ দুইজনকে আটক করেছে বিজিবি বান্দরবানে।,1,crime,1,"['বান', 'দর']"
বান্দরবানে বিজিবির অভিযানে পিস্তল-গুলি উদ্ধার এবং দুইজন আটক হওয়ার খবর পাওয়া গেছে।,1,crime,1,"['বান', 'দর']"
রোহিঙ্গাসহ দুইজনকে আটক করে অস্ত্র উদ্ধার করেছে বিজিবি।,1,crime,1,[]
Bandarban e BGB operation e pistol o guli recover kore 2 jon atok.,1,crime,1,[]
সীমান্ত এলাকায় অভিযানে বিস্ফোরক ও মাইন উদ্ধার করেছে বিজিবি নাইক্ষ্যংছড়িতে।,1,crime,1,"['করেছে', 'বিজিবি', 'নাই', 'কষ', 'ডি']"
নাইক্ষ্যংছড়িতে বিজিবির অভিযানে বড় ধরনের বিস্ফোরক উদ্ধার হওয়ার খবর পাওয়া গেছে।,1,crime,1,"['নাই', 'কষ', 'ডি']"
সীমান্ত এলাকায় মাইনসহ বিপুল বিস্ফোরক জব্দ করেছে আইনশৃঙ্খলা বাহিনী।,1,crime,1,[]
Naikkhyongchhari border e BGB operation e mine soho explosive recover hoyeche.,1,crime,1,[]
সীমান্ত উপজেলা নাইক্ষ্যংছড়িতে আগুনে একটি বাড়ি সম্পূর্ণভাবে পুড়ে যায়।,1,natural disaster,1,"['সীমা', 'উপজেলা', 'নাই', 'কষ', 'ডি']"
নাইক্ষ্যংছড়িতে অগ্নিকাণ্ডে বসতঘরটি ভস্মীভূত হয়েছে বলে জানা গেছে।,1,natural disaster,1,"['নাই', 'কষ', 'ডি']"
আগুনে নাইক্ষ্যংছড়ির একটি বসতবাড়ি ব্যাপক ক্ষতিগ্রস্ত হয়েছে।,1,natural disaster,1,[]
Naikkhyongchhari te agunikando te bostobari pure chhai hoye geche.,1,natural disaster,1,[]
বান্দরবানে প্রায় অর্ধশতক পর্যটক বহনকারী একটি বাস খাদে পড়ে অন্তত ১৫ জন আহত হয়েছেন।,1,road accident,1,"['বান', 'দর']"
পর্যটকবাহী বাস খাদে পড়ে যাওয়ার ঘটনায় বান্দরবানে ১৫ জনের বেশি আহত হওয়ার খবর পাওয়া গেছে।,1,road accident,1,"['বান', 'দর']"
বান্দরবানে বাস দুর্ঘটনায় পর্যটকবাহী যান খাদে পড়ে বহু যাত্রী আহত হন।,1,road accident,1,"['বান', 'দর']"
বান্দরবানে পর্যটকবাহী বাস নিয়ন্ত্রণ হারিয়ে খাদে পড়ে অন্তত ১৫ জন আহত হয়েছেন।,1,road accident,1,"['বান', 'দর']"
Bandarban e tourist bus khade pore 15 jon er beshi injured hoyeche.,1,road accident,1,[]
খাগড়াছড়ির ব্যাঙমারা এলাকায় একটি ভয়াবহ সড়ক দুর্ঘটনায় শান্তি পরিবহন ও একটি কভার্ড ভ্যানের সংঘর্ষে ড্রাইভারের অবস্থা গুরুতর হয়েছে।,1,road accident,1,[]
ব্যাঙমারা এলাকায় বাস ও কভার্ড ভ্যানের সংঘর্ষে গুরুতর সড়ক দুর্ঘটনা ঘটেছে বলে জানা গেছে।,1,road accident,1,[]
"খাগড়াছড়ির ব্যাঙমারায় সড়ক দুর্ঘটনায় একাধিক যানবাহন ক্ষতিগ্রস্ত হয়েছে, ড্রাইভার গুরুতর অবস্থায় আছেন।",1,road accident,1,[]
Bhangmara Khagrachhari te Shanti gari o covered van accident e driver critical hoye geche.,1,road accident,1,[]
Bangmara area te Shanti vehicle vs covered van crash e driver seriously injured.,1,road accident,1,[]
আলুটিলায় বাস ও মাহিন্দ্র গাড়ির সংঘর্ষে একাধিক যাত্রী গুরুতর আহত হন।,1,road accident,1,"['আল', 'টিলা']"
শান্তি পরিবহন ও মাহিন্দ্র গাড়ির দুর্ঘটনায় আলুটিলা এলাকায় বড় ধরনের সড়ক দুর্ঘটনা ঘটে।,1,road accident,1,"['গা', 'ডির', 'দর', 'ঘটনা', 'আল', 'টিলা']"
আলুটিলায় মুখোমুখি সংঘর্ষে মাহিন্দ্র গাড়ির যাত্রীরা গুরুতর অবস্থায় আছেন বলে জানা গেছে।,1,road accident,1,"['আল', 'টিলা']"
Alutila te Shanti bus o Mahindra gari collision e passengers seriously injured hoyeche.,1,road accident,1,[]
চট্টগ্রাম-খাগড়াছড়ি মহাসড়কের ফটিকছড়ি পেলাগাজির দিঘি এলাকায় সড়ক দুর্ঘটনায় একাধিক প্রাণহানির খবর পাওয়া গেছে।,1,road accident,1,"['খাগ', 'ডা', 'ডি', 'মহা', 'সড', 'কে', 'ফটিক']"
ফটিকছড়ি এলাকায় ইফতারের আগে ভয়াবহ দুর্ঘটনায় কয়েকজন নিহত হন।,1,road accident,1,"['ফটিক', 'ডি']"
চট্টগ্রাম-খাগড়াছড়ি সড়কে দুর্ঘটনায় ঘটনাস্থলেই অন্তত ৫ জন প্রাণ হারান।,1,road accident,1,"['খাগ', 'ডা', 'ডি']"
Fatikchhari Pelagazir Dighi area te road accident e at least 5 jon nihat hoyeche.,1,road accident,1,[]
কাপ্তাই এলাকায় বন্যহাতির হামলায় একজন ব্যক্তির প্রাণহানি ঘটেছে।,1,wildlife attack,1,"['কাপ', 'তাই']"
রাঙ্গামাটির কাপ্তাইয়ে হাতির আক্রমণে মংখ্য চিং মারমা নিহত হয়েছেন।,1,wildlife attack,1,"['কাপ', 'তাই']"
বন্যহাতির আক্রমণে কাপ্তাইয়ে এক ব্যক্তি মারা গেছেন বলে জানা গেছে।,1,wildlife attack,1,"['কাপ', 'তাই']"
Kaptai Rangamati te wild elephant attack e Mongkhy Ching Marma mara geche.,1,wildlife attack,1,[]
কাপ্তাই-আসামবস্তি সড়কে বন্যহাতির হামলায় আহত সবিতা চাকমা হাসপাতালে মারা গেছেন।,1,wildlife attack,1,"['কাপ', 'তাই']"
বন্যহাতির আক্রমণের ঘটনায় আরও একজনের মৃত্যু হওয়ায় এলাকায় শোকের ছায়া নেমে এসেছে।,1,wildlife attack,1,[]
"কাপ্তাই সড়কে হাতির আক্রমণে আহত নারীর মৃত্যু হয়েছে, এ নিয়ে নিহত হয়েছেন দুইজন।",1,wildlife attack,1,"['কাপ', 'তাই']"
Kaptai-Asambosti soroke bonnohathir akromone ahoto Sabita Chakma chikitsadhin obosthay mara gechen.,1,wildlife attack,1,[]
Kaptai road e wild elephant attack e injured Sabita Chakma treatment er moddhe mara gechen.,1,wildlife attack,1,[]
জুরাছড়িতে নৌকাডুবির ঘটনায় সেনাবাহিনীর দ্রুত তৎপরতায় ১১ জনকে জীবিত উদ্ধার করা হয়েছে।,1,waterway,1,"['জরা', 'ডি']"
জুরাছড়িতে নৌকা ডুবির পর অভিযান চালিয়ে ১১ জনকে উদ্ধার করেছে সেনাবাহিনী।,1,waterway,1,"['জরা', 'ডি']"
নৌদুর্ঘটনার ঘটনায় দ্রুত উদ্ধার তৎপরতায় প্রাণে বাঁচলেন ১১ যাত্রী।,1,waterway,1,[]
জুরাছড়ির নৌকাডুবির ঘটনায় জীবিত উদ্ধার হয়েছেন ১১ জন।,1,waterway,1,[]
Jurachari te noukadubir ghotonay 11 jonke jibito uddhar kora hoyeche.,1,waterway,1,[]
Jurachari te boat capsize incident e army 11 jonke alive rescue koreche.,1,waterway,1,[]
মহালছড়িতে পানিতে পড়ে এক শিশুর মর্মান্তিক মৃত্যু হয়েছে।,1,waterway,1,"['মহাল', 'ডি']"
পানিতে ডুবে মহালছড়ির এক শিশুর প্রাণহানির ঘটনা ঘটেছে।,1,waterway,1,[]
মহালছড়িতে ডুবে গিয়ে মারা গেছে একটি শিশু।,1,waterway,1,"['মহাল', 'ডি']"
Mahalchari te panite dube ek shishur mrityu hoyeche.,1,waterway,1,[]
Mahalchari te drowning incident e ek child mara geche.,1,waterway,1,[]
রামগড়ের কালাডেবা এলাকায় পানিতে ডুবে প্রাণ হারিয়েছেন এক ব্যক্তি।,1,waterway,1,[]
কালাডেবা সুইট গেটে ডুবে যাওয়ার ঘটনায় একজনের মৃত্যু হয়েছে।,1,waterway,1,[]
রামগড় উপজেলায় পানিতে ডুবে মৃত্যুর ঘটনা ঘটেছে।,1,waterway,1,[]
Ramgor upojelar Kaladeba Sweet Gate e panite dube mrityu hoyeche.,1,waterway,1,[]
Ramgor er Kaladeba area te drowning incident e ekjon mara gechen.,1,waterway,1,[]
পানছড়িতে পানিতে ডুবে তিন শিশুর মর্মান্তিক মৃত্যু হয়েছে।,1,waterway,1,"['পান', 'ডি']"
দুই ভাইবোনসহ তিন শিশু পানিতে ডুবে মারা যাওয়ার ঘটনায় এলাকায় শোক নেমে এসেছে।,1,waterway,1,[]
পানছড়িতে ডুবে গিয়ে প্রাণ হারিয়েছে তিন শিশু।,1,waterway,1,"['পান', 'ডি']"
Panchari te panite dube dui bhaibon sho 3 shishur mrityu hoyeche.,1,waterway,1,[]
Panchari te drowning incident e dui sibling sho 3 child mara geche.,1,waterway,1,[]
খাগড়াছড়ির সবুজ বাগ এলাকায় এক নারীকে জিম্মি করে ডাকাতির চেষ্টার অভিযোগ উঠেছে।,1,crime,1,[]
আনোয়ার মুন্সির বাড়িতে ঢুকে তার স্ত্রীকে ভয় দেখিয়ে ডাকাতির চেষ্টা চালায় দুর্বৃত্তরা।,1,crime,1,[]
সবুজ বাগ এলাকায় ছুরি দেখিয়ে এক বাসায় ডাকাতির চেষ্টা করা হয়েছে।,1,crime,1,[]
Khagrachari sadar er Sobuj Bagh elakay Anowar Munshir barite dakatir cheshta hoyeche.,1,crime,1,[]
Khagrachari te knife diye threat kore robbery attempt kora hoyeche ek barite.,1,crime,1,[]
বান্দরবানের থানচি উপজেলার ২৬ কিলো এলাকায় পর্যটকবাহী হাইস গাড়ি দুর্ঘটনার শিকার হয়েছে।,1,road accident,1,"['বান', 'দর', 'বানের', 'থানচি']"
থানচির ২৬ কিলো এলাকায় পর্যটকবাহী গাড়ি নিয়ন্ত্রণ হারিয়ে দুর্ঘটনায় পড়ে।,1,road accident,1,['থানচি']
বান্দরবানে পর্যটকবাহী হাইস গাড়ির ভয়াবহ দুর্ঘটনার খবর পাওয়া গেছে।,1,road accident,1,"['বান', 'দর']"
থানচি সড়কে দুর্ঘটনায় পর্যটকবাহী একটি গাড়ি ক্ষতিগ্রস্ত হয়েছে।,1,road accident,1,['থানচি']
Thanchi upojelar 26 kilo elakay tourist bohi Hiace gari durghotonar shikar hoyeche.,1,road accident,1,[]
Thanchi road e tourist Hiace vehicle accident koreche.,1,road accident,1,[]
ঢাকা থেকে বান্দরবানে আসা পর্যটকবাহী বাস ভোরে বান্দরবান বিশ্ববিদ্যালয় সংলগ্ন QB রিসোর্ট এলাকায় গভীর খাদে পড়ে যায়। এ ঘটনায় কয়েকজন আহত হয়েছেন।,1,road accident,1,"['বান', 'দর']"
বান্দরবান বিশ্ববিদ্যালয়ের কাছে পর্যটকবাহী বাস খাদে পড়ে কয়েকজন যাত্রী আহত হয়েছেন।,1,road accident,1,"['বান', 'দর']"
ঢাকা থেকে আসা একটি বাস নিয়ন্ত্রণ হারিয়ে খাদে পড়ে দুর্ঘটনার শিকার হয়েছে।,1,road accident,1,[]
QB রিসোর্ট এলাকায় ভয়াবহ বাস দুর্ঘটনায় কয়েকজন আহত হওয়ার খবর পাওয়া গেছে।,1,road accident,1,[]
Dhaka theke asha tourist bus QB Resort elakay khade pore koyekjon ahoto hoyechen.,1,road accident,1,[]
Dhaka-Bandarban tourist bus deep khad e pore several passenger injured hoyechen.,1,road accident,1,[]
ঢাকা থেকে বান্দরবানগামী সৌদিয়া পরিবহনের একটি বাস কেরানীহাট-বান্দরবান সড়কের সুয়ালক এলাকায় দুর্ঘটনায় গভীর খাদে পড়ে গেছে।,1,road accident,1,"['বান', 'দর']"
সুয়ালক এলাকায় সৌদিয়া পরিবহনের বাস নিয়ন্ত্রণ হারিয়ে খাদে পড়ে যায়।,1,road accident,1,[]
কেরানীহাট-বান্দরবান সড়কে ভয়াবহ বাস দুর্ঘটনায় বহু যাত্রী আহত হওয়ার আশঙ্কা করা হচ্ছে।,1,road accident,1,"['বান', 'দর']"
বান্দরবানগামী যাত্রীবাহী বাস খাদে পড়ে উদ্ধার তৎপরতা চালানো হচ্ছে।,1,road accident,1,"['বান', 'দর']"
Saudia poribohon er bus Sualok elakay khade pore durghotona ghoteche.,1,road accident,1,[]
Saudia transport bus Keranihat-Bandarban road e accident kore deep khad e pore geche.,1,road accident,1,[]
লামা-আলীকদম সড়কে দুর্ঘটনায় পাঁচ ব্যক্তি আহত হয়েছেন।,1,road accident,1,"['লামা', 'আলীকদম']"
বান্দরবানে সড়ক দুর্ঘটনার ঘটনায় আহত হয়েছেন পাঁচজন যাত্রী।,1,road accident,1,"['বান', 'দর']"
আলীকদম সড়কে যানবাহন দুর্ঘটনায় কয়েকজন গুরুতর আহত হয়েছেন।,1,road accident,1,['আলীকদম']
Lama-Alikadam soroke road durghotonay 5 jon ahoto hoyechen.,1,road accident,1,[]
Lama-Alikadam road accident e 5 jon injured hoyechen.,1,road accident,1,[]
বান্দরবানের সুয়ালক বাজার ব্রিজের পাশে ভয়াবহ সিএনজি দুর্ঘটনায় দুইজন গুরুতর আহত হয়েছেন।,1,road accident,1,"['বান', 'দর', 'বানের']"
সুয়ালক বাজার এলাকায় সিএনজি দুর্ঘটনায় দুই ব্যক্তি গুরুতর আহত হয়েছেন।,1,road accident,1,[]
বান্দরবানে সড়ক দুর্ঘটনায় আহত দুইজনকে স্থানীয়রা উদ্ধার করেছে।,1,road accident,1,"['বান', 'দর']"
সুয়ালক বাজার ব্রিজ সংলগ্ন এলাকায় ভয়াবহ সিএনজি দুর্ঘটনার ঘটনা ঘটেছে।,1,road accident,1,[]
Bandarbaner Sualok bazar bridge er pashe CNG durghotonay dui jon gurutor ahoto hoyechen.,1,road accident,1,[]
Sualok bazar bridge area te CNG accident e 2 jon seriously injured hoyechen.,1,road accident,1,[]
বান্দরবান থেকে চট্টগ্রামমুখী পূর্বানী পটিয়া ভাইয়ের দিঘী এলাকায় সিএনজির সঙ্গে মুখোমুখি সংঘর্ষের ঘটনা ঘটেছে।,1,road accident,1,"['বান', 'দর']"
পূর্বানী পটিয়া ভাইয়ের দিঘী এলাকায় ভয়াবহ সড়ক দুর্ঘটনায় যানবাহনের সংঘর্ষ হয়েছে।,1,road accident,1,[]
বান্দরবান-চট্টগ্রাম সড়কে সিএনজির সঙ্গে মুখোমুখি সংঘর্ষে আতঙ্ক ছড়িয়ে পড়ে।,1,road accident,1,"['বান', 'দর']"
Bandarban theke Chattogram mukhi soroke CNG er sathe mukhomukhi songhorsho hoyeche.,1,road accident,1,[]
Bandarban-Chattogram road e CNG er sathe head-on collision hoyeche.,1,road accident,1,[]
আজ সকালে বগালেক থেকে কেওক্রাডং যাওয়ার পথে পর্যটকদের একটি চাঁদের গাড়ি দুর্ঘটনায় ১০ জন আহত হয়েছেন।,1,road accident,1,"['আজ', 'সকালে', 'বগা', 'লেক']"
বগালেক-কেওক্রাডং সড়কে পর্যটকবাহী চাঁদের গাড়ি দুর্ঘটনায় বেশ কয়েকজন আহত হয়েছেন।,1,road accident,1,['বগা']
কেওক্রাডং যাওয়ার পথে ট্যুরিস্টবাহী গাড়ি দুর্ঘটনায় ১০ পর্যটক আহত হন।,1,road accident,1,[]
সকালে সাজেকগামী পর্যটকদের গাড়ি দুর্ঘটনায় আহতদের উদ্ধার করা হয়েছে।,1,road accident,1,['সাজেক']
Bogalek theke Keokradong jawar pothe tourist der chander gari durghotonay 10 jon ahoto hoyechen.,1,road accident,1,[]
Bogalek-Keokradong route e tourist vehicle accident e 10 jon injured hoyechen.,1,road accident,1,[]
আলীকদমের তারাবুবিয়া এলাকায় ভয়াবহ সড়ক দুর্ঘটনায় তিনজন নিহত হয়েছেন।,1,road accident,1,['আলীকদম']
তারাবুবিয়ায় ট্রাক ও মোটরবাইকের মুখোমুখি সংঘর্ষে তিনজনের মৃত্যু হয়েছে।,1,road accident,1,[]
আলীকদমে মর্মান্তিক সড়ক দুর্ঘটনায় প্রাণ হারিয়েছেন তিন ব্যক্তি।,1,road accident,1,['আলীকদম']
ট্রাক ও মোটরসাইকেলের সংঘর্ষে আলীকদম এলাকায় নিহত হয়েছেন তিনজন।,1,road accident,1,['আলীকদম']
Alikadam er Tarabubia elakay road durghotonay 3 jon nihoto hoyechen.,1,road accident,1,[]
Alikadam e truck ar motorcycle collision e 3 jon killed hoyechen.,1,road accident,1,[]
কেরানীহাট-টু-বান্দরবান সড়কের বাজালিয়া ফরেস্ট অফিস এলাকায় সড়ক দুর্ঘটনার ঘটনা ঘটেছে।,1,road accident,1,"['বান', 'দর']"
বাজালিয়া ফরেস্ট অফিস সংলগ্ন এলাকায় সড়ক দুর্ঘটনায় যান চলাচলে বিঘ্ন সৃষ্টি হয়েছে।,1,road accident,1,[]
কেরানীহাট-বান্দরবান সড়কে দুর্ঘটনার ঘটনায় স্থানীয়দের মধ্যে উদ্বেগ দেখা দিয়েছে।,1,road accident,1,"['বান', 'দর']"
বান্দরবান সড়কের বাজালিয়া এলাকায় একটি দুর্ঘটনার খবর পাওয়া গেছে।,1,road accident,1,"['বান', 'দর']"
Keranihat to Bandarban soroker Bajalia Forest Office elakay road durghotona ghoteche.,1,road accident,1,[]
Keranihat-Bandarban road e Bajalia area te road accident hoyeche.,1,road accident,1,[]
বান্দরবানের রুমা উপজেলার দার্জিলিং পাড়ায় পর্যটকবাহী একটি জিপ গাড়ি খাদে পড়ে দুই নারী পর্যটক নিহত এবং আরও ১১ জন আহত হয়েছেন।,1,road accident,1,"['বান', 'দর', 'বানের', 'রমা']"
রুমার দার্জিলিং পাড়ায় পর্যটকবাহী জিপ খাদে পড়ে দুই নারীর মৃত্যু হয়েছে।,1,road accident,1,['রমা']
বান্দরবানের রুমা এলাকায় জিপ দুর্ঘটনায় ১১ পর্যটক আহত হয়েছেন।,1,road accident,1,"['বান', 'দর', 'বানের', 'রমা']"
দার্জিলিং পাড়ার দুর্গম সড়কে পর্যটকবাহী গাড়ি দুর্ঘটনায় হতাহতের ঘটনা ঘটেছে।,1,road accident,1,[]
Ruma upojelar Darjeeling paray jeep durghotonay dui nari porjotok nihoto hoyechen.,1,road accident,1,[]
Ruma Darjeeling para te tourist jeep accident e 2 jon female tourist killed hoyechen.,1,road accident,1,[]
কেরানীহাট-বান্দরবান সড়কের সত্যপীর মাজারের আগে নামতিতে বাস ও মোটরসাইকেলের সংঘর্ষে ঘটনাস্থলে দুইজনের মৃত্যু হয়েছে।,1,road accident,1,"['বান', 'দর']"
কেরানীহাট-বান্দরবান সড়কে বাস ও মোটরবাইকের মুখোমুখি সংঘর্ষে দুইজন নিহত হয়েছেন।,1,road accident,1,"['বান', 'দর']"
সত্যপীর মাজার এলাকায় ভয়াবহ সড়ক দুর্ঘটনায় ঘটনাস্থলেই প্রাণ হারান দুই ব্যক্তি।,1,road accident,1,[]
নামতি এলাকায় বাসের সঙ্গে মোটরসাইকেলের সংঘর্ষে দুইজনের মর্মান্তিক মৃত্যু হয়েছে।,1,road accident,1,[]
Keranihat Bandarban soroke bus o motorcycle songhorshe 2 jon nihoto hoyechen.,1,road accident,1,[]
Keranihat-Bandarban road e bus ar bike collision e 2 jon killed hoyechen.,1,road accident,1,[]
"লামার মিরিঞ্জা এলাকায় সড়ক দুর্ঘটনায় বহু হতাহতের আশঙ্কা করা হচ্ছে, আহতদের হাসপাতালে নেওয়া হচ্ছে।",1,road accident,1,['লামার']
লামার মিরিঞ্জা এলাকায় ভয়াবহ সড়ক দুর্ঘটনার পর আহতদের উদ্ধার করা হয়েছে।,1,road accident,1,['লামার']
মিরিঞ্জা সড়কে দুর্ঘটনায় কয়েকজন আহত হয়েছেন বলে জানা গেছে।,1,road accident,1,[]
লামা উপজেলার মিরিঞ্জা এলাকায় দুর্ঘটনার ঘটনায় হতাহতের শঙ্কা দেখা দিয়েছে।,1,road accident,1,['লামা']
Lamar Mirinja elakay road durghotonay onek hotahoter ashanka kora hocche.,1,road accident,1,[]
Lama Mirinja area te road accident e multiple casualty er ashanka royeche.,1,road accident,1,[]
বেনুখালী গোকুল নগরে সিএনজি ও মোটরসাইকেলের মুখোমুখি সংঘর্ষে গুরুতর আহত দুজনকে নবাবগঞ্জ সরকারি হাসপাতালে পাঠানো হয়েছে।,1,road accident,1,"['আহত', 'জনকে', 'নবাব']"
বেনুখালী গোকুল নগর এলাকায় সিএনজি ও বাইকের সংঘর্ষে দুইজন গুরুতর আহত হয়েছেন।,1,road accident,1,[]
গোকুল নগরে মুখোমুখি সংঘর্ষের ঘটনায় আহতদের নবাবগঞ্জ হাসপাতালে ভর্তি করা হয়েছে।,1,road accident,1,"['ঘটনা', 'আহতদের', 'নবাব']"
বেনুখালী এলাকায় সড়ক দুর্ঘটনায় সিএনজি চালক ও মোটরসাইকেল আরোহী আহত হয়েছেন।,1,road accident,1,[]
Benukhali Gokul Nagar e CNG o motorcycle songhorshe dui jon ahoto hoyechen.,1,road accident,1,[]
Benukhali Gokul Nagar e CNG ar bike head-on collision e 2 jon injured hoyechen.,1,road accident,1,[]
বান্দরবানের আলীকদমে পানবাজার সংলগ্ন কলার ঝিরি সড়কের দুর্গম পাহাড়ি এলাকায় যাত্রীবাহী গাড়ি দুর্ঘটনায় দুইজন নিহত এবং ১৮ থেকে ২০ জন গুরুতর আহত হয়েছেন।,1,road accident,1,"['বান', 'দর', 'বানের', 'আলীকদম', 'পান', 'বাজার']"
আলীকদমের কলার ঝিরি সড়কে যাত্রীবাহী গাড়ি দুর্ঘটনায় দুইজনের মৃত্যু হয়েছে।,1,road accident,1,['আলীকদম']
পানবাজার সংলগ্ন পাহাড়ি সড়কে গাড়ি দুর্ঘটনায় বহু যাত্রী আহত হয়েছেন।,1,road accident,1,"['পান', 'বাজার']"
আলীকদমের দুর্গম পাহাড়ি এলাকায় ভয়াবহ সড়ক দুর্ঘটনায় অন্তত ২০ জন আহত হয়েছেন।,1,road accident,1,['আলীকদম']
Alikadam er Kolar Jhiri soroke gari durghotonay 2 jon nihoto o onek ahoto hoyechen.,1,road accident,1,[]
Alikadam Kolar Jhiri road e passenger vehicle accident e 2 jon killed ar onek passenger injured hoyechen.,1,road accident,1,[]
বান্দরবানের বগালেক-কেওক্রাডং সড়কে দুর্ঘটনার ঘটনা ঘটেছে।,1,road accident,1,"['বান', 'দর', 'বানের']"
বগালেক থেকে কেওক্রাডং যাওয়ার পথে সড়ক দুর্ঘটনার খবর পাওয়া গেছে।,1,road accident,1,"['বগা', 'লেক']"
বান্দরবানের পাহাড়ি সড়কে দুর্ঘটনায় যান চলাচলে আতঙ্ক সৃষ্টি হয়েছে।,1,road accident,1,"['বান', 'দর', 'বানের']"
কেওক্রাডং সড়কে দুর্ঘটনার ঘটনায় স্থানীয়দের মধ্যে উদ্বেগ দেখা দিয়েছে।,1,road accident,1,[]
Bandarbaner Bogalek-Keokradong soroke durghotona ghoteche.,1,road accident,1,[]
Bogalek-Keokradong road e road accident er ghotona ghoteche.,1,road accident,1,[]
বান্দরবানে সাঙ্গু পরিবহনের ধাক্কায় মোটরসাইকেল আরোহী রেজাউল করিম ভুট্টো নামে অবসরপ্রাপ্ত এক সেনাসদস্য নিহত হয়েছেন।,1,road accident,1,"['বান', 'দর']"
সাঙ্গু পরিবহনের সঙ্গে সংঘর্ষে বান্দরবানে এক মোটরসাইকেল আরোহীর মৃত্যু হয়েছে।,1,road accident,1,"['বান', 'দর']"
বান্দরবানে বাসের ধাক্কায় সাবেক সেনাসদস্য রেজাউল করিম ভুট্টো নিহত হয়েছেন।,1,road accident,1,"['বান', 'দর']"
সড়ক দুর্ঘটনায় মোটরসাইকেল চালক রেজাউল করিম ভুট্টোর মর্মান্তিক মৃত্যু হয়েছে।,1,road accident,1,[]
Bandarbane Sangu poribohoner dhakkay Rezaul Karim Bhutto nihoto hoyechen.,1,road accident,1,[]
Bandarban e Sangu Paribahan er hit e biker Rezaul Karim Bhutto killed hoyechen.,1,road accident,1,[]
থানচি-টু-আলীকদম সড়কের কলারঝিরি এলাকায় ভয়াবহ সড়ক দুর্ঘটনায় একজন নিহত এবং ১৫ থেকে ১৮ জন গুরুতর আহত হয়েছেন।,1,road accident,1,"['থানচি', 'আলীকদম', 'ডক', 'ের', 'কলার', 'ঝিরি']"
আলীকদম-থানচি সড়কের কলারঝিরি এলাকায় মর্মান্তিক দুর্ঘটনায় একজনের মৃত্যু হয়েছে।,1,road accident,1,"['আলীকদম', 'থানচি', 'ডক', 'ের', 'কলার', 'ঝিরি']"
কলারঝিরি এলাকায় ভয়াবহ সড়ক দুর্ঘটনায় বহু যাত্রী আহত হয়েছেন।,1,road accident,1,"['কলার', 'ঝিরি']"
থানচি সড়কে দুর্ঘটনার ঘটনায় আহতদের উদ্ধার করে হাসপাতালে নেওয়া হয়েছে।,1,road accident,1,['থানচি']
Thanchi-Alikadam soroker Kolarjhiri elakay road durghotonay 1 jon nihoto hoyechen.,1,road accident,1,[]
Thanchi-Alikadam road er Kolarjhiri area te severe road accident e 1 jon killed hoyechen.,1,road accident,1,[]
বান্দরবান রেইচা চেকপোস্টের আগে বান্দরবান থেকে যাওয়ার পথে একটি মোটরসাইকেল দুর্ঘটনায় চালকসহ তিনজন গুরুতর আহত হয়েছেন।,1,road accident,1,"['বান', 'দর']"
রেইচা চেকপোস্ট এলাকায় বাইক দুর্ঘটনায় তিনজন আহত হয়েছেন।,1,road accident,1,[]
বান্দরবান সড়কে মোটরসাইকেল নিয়ন্ত্রণ হারিয়ে দুর্ঘটনায় গুরুতর আহত হন তিনজন।,1,road accident,1,"['বান', 'দর']"
রেইচা এলাকায় দুর্ঘটনায় আহতদের বাড়ি কেরানীহাট বলে জানা গেছে।,1,road accident,1,[]
Bandarban Reicha checkpoint er age bike durghotonay 3 jon gurutor ahoto hoyechen.,1,road accident,1,[]
Reicha checkpoint area te bike accident e rider shoho 3 jon seriously injured hoyechen.,1,road accident,1,[]
বান্দরবানের চিম্বুক বেতছড়া সড়কে চাঁদের গাড়ি খাদে পড়ে দুর্ঘটনার ঘটনা ঘটেছে।,1,road accident,1,"['বান', 'দর', 'বানের']"
চিম্বুক বেতছড়া এলাকায় চাঁদের গাড়ি নিয়ন্ত্রণ হারিয়ে খাদে পড়ে গেছে।,1,road accident,1,[]
বান্দরবানের পাহাড়ি সড়কে চাঁদের গাড়ি দুর্ঘটনায় আতঙ্ক ছড়িয়ে পড়ে।,1,road accident,1,"['বান', 'দর', 'বানের']"
বেতছড়া সড়কে দুর্ঘটনায় চাঁদের গাড়ির যাত্রীরা আহত হয়েছেন বলে জানা গেছে।,1,road accident,1,[]
Bandarbaner Chimbuk Betchora soroke chander gari khade pore durghotona ghoteche.,1,road accident,1,[]
Chimbuk Betchora road e chander gari overturn kore accident hoyeche.,1,road accident,1,[]
কাপ্তাই-আসামবস্তী সড়কের কামিলাছড়ি এলাকায় বন্যহাতির আক্রমণে ঝর্ণা চাকমা ও সবিতা চাকমা নামে দুই বৃদ্ধা নারী নিহত হয়েছেন। এ ঘটনায় দুটি সিএনজি ও একটি মোটরসাইকেল ক্ষতিগ্রস্ত হয়েছে।,1,wildlife attack,1,"['কাপ', 'তাই', 'আসাম', 'বসত', 'ডক', 'ের', 'কামিলা', 'ডি']"
কাপ্তাইয়ের কামিলাছড়ি এলাকায় বন্যহাতির হামলায় দুই নারী প্রাণ হারিয়েছেন।,1,wildlife attack,1,"['কাপ', 'তাই', 'যে', 'কামিলা', 'ডি']"
আসামবস্তী সড়কে হাতির আক্রমণে কয়েকটি যানবাহন ক্ষতিগ্রস্ত হয়েছে।,1,wildlife attack,1,[]
বন্যহাতির আক্রমণের ঘটনায় কাপ্তাই এলাকায় আতঙ্ক ছড়িয়ে পড়ে।,1,wildlife attack,1,"['কাপ', 'তাই']"
Kaptai-Asambosti soroker Kamilachari elakay bonnohathir akromone 2 nari nihoto hoyechen.,1,wildlife attack,1,[]
Kaptai-Asambosti road e wild elephant attack e 2 jon mohila killed hoyechen.,1,wildlife attack,1,[]
রামুতে চালককে হত্যা করে অটোরিকশা ছিনতাই করা হয়েছে।,1,crime,1,[]
রামু এলাকায় চালককে হত্যা করে অটোরিকশা নিয়ে পালিয়েছে দুর্বৃত্তরা।,1,crime,1,[]
অটোরিকশা ছিনতাইয়ের ঘটনায় রামুতে এক চালকের মরদেহ উদ্ধার করা হয়েছে।,1,crime,1,[]
রামুতে ছিনতাইকারীদের হাতে প্রাণ হারিয়েছেন এক অটোরিকশাচালক।,1,crime,1,[]
Ramu te chalok ke hotta kore autorickshaw chintai kora hoyeche.,1,crime,1,[]
Ramu te driver ke murder kore autorickshaw hijack kora hoyeche.,1,crime,1,[]
বান্দরবান বাসস্টেশন এলাকার পাহাড়ীকা ফিলিং স্টেশনের মালিক নিখিল কান্তি দাশের কাছ থেকে নগদ টাকা ছিনতাইয়ের ঘটনায় একজনকে আটক করেছে পুলিশ।,1,crime,1,"['বান', 'দর']"
বান্দরবান বাসস্টেশন এলাকায় টাকা ছিনতাইয়ের ঘটনায় একজনকে গ্রেপ্তার করেছে পুলিশ।,1,crime,1,"['বান', 'দর']"
পাহাড়ীকা ফিলিং স্টেশনের মালিকের কাছ থেকে নগদ টাকা ছিনতাই করা হয়েছে।,1,crime,0,[]
নিখিল কান্তি দাশের কাছ থেকে ছিনতাইয়ের ঘটনায় পুলিশের অভিযান চলছে।,1,crime,1,[]
Bandarban bus station elakay taka chintair ghotonay ekjon atk hoyeche.,1,crime,1,[]
Bandarban bus station area te cash snatching case e 1 jon arrested hoyeche.,1,crime,1,[]
বাইক চোর রাহুল তঞ্চগাকে অবশেষে রাজস্থলী থেকে গ্রেফতার করা হয়েছে।,1,crime,1,"['রাজ', 'থল']"
রাজস্থলী এলাকায় অভিযান চালিয়ে বাইক চোর রাহুল তঞ্চগাকে আটক করা হয়েছে।,1,crime,1,"['রাজ', 'থল']"
মোটরসাইকেল চুরির মামলায় রাহুল তঞ্চগাকে গ্রেপ্তার করেছে পুলিশ।,1,crime,1,[]
দীর্ঘদিন পলাতক থাকার পর রাজস্থলী থেকে ধরা পড়েছে বাইক চোর রাহুল তঞ্চগা।,1,crime,1,"['রাজ', 'থল']"
Bike chor Rahul Tonchonga ke Rajasthali theke greftar kora hoyeche.,1,crime,1,[]
Bike thief Rahul Tonchonga ke Rajasthali theke arrest kora hoyeche.,1,crime,1,[]
রাঙামাটিতে নৌকাডুবির ঘটনায় সেনাবাহিনীর দ্রুত তৎপরতায় ১১ জনকে জীবিত উদ্ধার করা হয়েছে।,1,waterway,1,['রাঙামাটিতে']
রাঙামাটিতে নৌকা ডুবে যাওয়ার পর ১১ জনকে উদ্ধার করেছে সেনাবাহিনী।,1,waterway,1,['রাঙামাটিতে']
নৌদুর্ঘটনার ঘটনায় দ্রুত অভিযান চালিয়ে যাত্রীদের উদ্ধার করা হয়।,1,waterway,1,[]
রাঙামাটির নৌকাডুবির ঘটনায় সেনাবাহিনীর সদস্যরা উদ্ধার তৎপরতা চালিয়েছে।,1,waterway,1,['রাঙামাটির']
Rangamati te noukadubir ghotonay 11 jonke jibito uddhar kora hoyeche.,1,waterway,1,[]
Rangamati te boat capsize incident e Army 11 jonke alive rescue koreche.,1,waterway,1,[]
খাগড়াছড়ির গুইমারার বুদুংপাড়ায় তীব্র বাঁকে নিয়ন্ত্রণ হারিয়ে পাহাড়ে ধাক্কা।,1,road accident,1,"['ইম', 'ারা']"
"থানচিতে সাড়ে ৫ বছরের পাহাড়ি শিশু ধ-র্ষণের শিকার, অভিযুক্ত আ-টক।",1,crime,1,['থানচি']
"সাপছড়িতে পাহাড়িকা বাস দুর্ঘ-টনা: হতাহত যাত্রী, পালাল চালক-সহকারী।",1,road accident,1,"['সাপ', 'ডি']"
"দীঘিনালা-খাগড়াছড়ি সড়ক প্রসস্ত করার কারণ, রাস্তার দুই পাশে ৩ ফুট খনন করে বালু ভরাট করা হয়েছে| ফলে অসাবধানতাবশতঃ বালু ভরাট অংশে গাড়ি নামলেই ঘটছে দুর্ঘটনা",0,normal,1,"['দীঘিনালা', 'খাগ', 'ডা', 'ডি']"
রাঙ্গামাটি সাপছড়িতে যাত্রীবাহী বাস উ'ল্টে ভ'য়া'ব'হ দু'র্ঘ'টনা আ'হ'তদের উদ্ধার করে রাঙ্গামাটি জেনারেল হাসপাতালে পাঠানো হয়েছে।,1,road accident,1,"['রা', 'গামা', 'টি', 'সাপ', 'ডি']"
কাউখালীতে বন্য হাতির আক্রমণে নি'হ'ত মেশি মারমার পরিবারকে ৩ লাখ টাকার অনুদান দিল বনবিভাগ,1,wildlife attack,1,['কাউখালী']
রাঙামাটিতে বন্য হাতির আক্রমণে কৃষকের মৃত্যু,1,wildlife attack,1,['রাঙামাটিতে']
"বিপদজনক আঁকাবাঁকা রাস্তা এবং বন্য হাতির জোন, জিবতলী রোড, কাপ্তাই রাঙ্গামাটি",0,normal,0,"['কাপ', 'তাই']"
অবশেষে বাংলাদেশের পার্বত্য অঞ্চলের বিলুপ্ত প্রায় চিতাবাঘ (Leopard)অস্তিত্ব এখন প্রমান সহ।,0,normal,0,[]
কাপ্তাই হ্রদে নৌকাডুবি: সেনাবাহিনীর অক্লান্ত প্রচেষ্টায় সফল উদ্ধার অভিযান।,1,waterway,1,"['কাপ', 'তাই', 'হর', 'দে']"
"ঝড়ের কবলে পড়ে রাঙামাটি কাপ্তাই লেকে নৌকাডুবি। মৃত্যুর হাত থেকে বেঁচে ফিরলো বাবা, মা, ছেলে",1,waterway,1,"['রাঙামাটি', 'কাপ', 'তাই']"
রবিবার রাতে জালিয়াপাড়া-রামগড় সড়কের চাষীনগর এলাকায় ঢাকাগামি শ্যামলী পরিবহণের নৈশকোচের বক্সের খোলা দরজার আঘাতে শাহ আলম নামে এক ব্যক্তি নিহত ও অপর তিনজন আহত হয়েছেন। নিহত ও আহতরা শান্তি পরিবহণ বাসের যাত্রী ছিলেন। বাসটি বিকল হয়ে পড়লে ওই যাত্রীরা রাস্তার পাশে দাঁড়িয়ে ছিলেন,1,road accident,1,[]
রাঙামাটিতে কালবৈশাখীর ভয়া-বহ রূপ — জেলা কারাগারের সামনে ধসে পড়লো বিশাল গাছ।,1,natural disaster,1,['রাঙামাটিতে']
"বাংলা নববর্ষ ১৪৩৩ উপলক্ষ্যে সংস্কৃতি বিষয়ক মন্ত্রনালয়ের অধীন গণগ্রন্থাগার অধিদপ্তর নিয়ন্ত্রণাধীন জেলা সরকারি গণগ্রন্থাগার, ভেদভেদী, রাঙ্গামাটিতে নিন্মোক্ত গ্রুপে কুইজ, রচনা ও চিত্রাঙ্কন প্রতিযোগিতা অনুষ্ঠিত হবে। এ উপলক্ষ্যে আগ্রহী সকলকে যোগ্যতা অনুযায়ী প্রতিযোগিতায় অংশগ্রহনের জন্য আহবান জানানো যাচ্ছে।",0,normal,0,[]
"রাঙামাটির পাহাড়, নদী আর প্রকৃতির মাঝে উদযাপিত হলো প্রাণের উৎসব সাংগ্রাই জলোৎসব। মারমা সম্প্রদায়ের এই ঐতিহ্যবাহী উৎসব শুধু আনন্দের নয়, এটি সম্প্রীতি, ভালোবাসা ও নতুন বছরের শুভ সূচনার প্রতীক।",0,normal,0,['রাঙামাটির']
"পার্বত্য সংস্কৃতি দেশের সম্পদ, সংরক্ষণে সম্মিলিত উদ্যোগের আহ্বান তথ্যমন্ত্রীর।",0,normal,0,[]
কাপ্তাই হ্রদের জলে ফুল ভাসিয়ে শুরু হলো পাহাড়ের সবচেয়ে বড় উৎসব,0,normal,0,"['কাপ', 'তাই', 'হর', 'দের']"
"পার্বত্য চট্টগ্রামের প্রাণকেন্দ্র রাঙামাটি এখন উৎসবের রঙে রাঙানো। বর্ষবিদায় ও নতুন বছরকে বরণ করে নিতে পাহাড়জুড়ে চলছে ঐতিহ্যবাহী বিজু, সাংগ্রাই, বৈসুক, বিহু, চাংক্রান, চাংলান ও পাতা উৎসব। এই উৎসব উপলক্ষে গত ৬-১১ এপ্রিল পর্যন্ত অনুষ্ঠিত হয়েছিল ছয় দিনব্যাপী মেলা ও সাংস্কৃতিক অনুষ্ঠান। এ যেন এক অনন্য মিলনমেলায় পরিণত হয়েছে।",0,normal,0,['রাঙামাটি']
"বাংলাদেশের পাহাড়ি জনপদ রাঙ্গামাটির গর্ব কাপ্তাই লেক। এটি শুধু একটি জলাধার নয়; এটি প্রকৃতির এক অপূর্ব বিস্ময়। পাহাড়ের কোল ঘেঁষে নীলাভ জলরাশি, মাঝেমধ্যে ছোট ছোট দ্বীপ, আর সবুজের সমারোহ মিলে কাপ্তাই লেককে বানিয়েছে স্বর্গীয় এক স্থান।",0,normal,0,"['কাপ', 'তাই']"
"পাহাড় আর নদীতে ঘেরা আমাদের এই প্রাকৃতিক সৌন্দর্য রাঙামাটি। রাঙ্গামাটি মূলত তার প্রাকৃতিক সৌন্দর্য, কাপ্তাই হ্রদ, ঝুলন্ত সেতু, সাজেক ভ্যালি, ও আদিবাসী সংস্কৃতি ও জীবনযাত্রার জন্য বিখ্যাত; যেখানে পাহাড়, হ্রদ, ঝর্ণা (যেমন শুভলং) আর সবুজের মিলন ঘটেছে, যা পর্যটকদের নৌকা ভ্রমণ ও স্থানীয় খাবার (আনারস) উপভোগের দারুণ সুযোগ করে দেয়।",0,normal,0,"['রাঙামাটি', 'কাপ', 'তাই', 'হর', 'সাজেক']"
"কাপ্তাই লেক: বাংলাদেশের প্রাকৃতিক সৌন্দর্যের এক অনন্য নিদর্শন। বাংলাদেশের পার্বত্য চট্টগ্রামের হৃদয়ে অবস্থিত কাপ্তাই লেক প্রকৃতিপ্রেমীদের জন্য এক অপরূপ স্বর্গরাজ্য। সবুজ পাহাড়, নীলাভ জলরাশি এবং শান্ত পরিবেশ—সব মিলিয়ে এটি দেশের অন্যতম সুন্দর পর্যটনকেন্দ্র হিসেবে পরিচিত।",0,normal,0,"['কাপ', 'তাই']"
"পার্বত্য চট্টগ্রামের ঐতিহ্যবাহী সামাজিক উৎসব বিজু, সাংগ্রাই, বৈসু, বিষু, চাংক্রান ও চাংলান ২০২৬ এবং বাংলা নববর্ষ ১৪৩৩ উদযাপন উপলক্ষে রাজধানী ঢাকায় বর্ণাঢ্য আয়োজন করেছে পার্বত্য চট্টগ্রাম বিষয়ক মন্ত্রণালয়।",0,normal,0,[]
"""কাপ্তাই লেকের নীল জলে হারিয়ে যাওয়া মুহূর্তগুলো, পাশে পাহাড়ি সবুজে সাজানো লেক পার্কের শান্তি, আর আদিবাসী মার্কেটের রঙিন সংস্কৃতি—রাঙামাটি যেন প্রকৃতি আর মানুষের গল্পে ভরা এক অনন্য অনুভূতির নাম।",0,normal,0,"['কাপ', 'তাই', 'রাঙামাটি']"
চলেন রাঙামাটি নিয়ে একটু রিচার্স করি।রাঙামাটি ঐতিহ্য আর সংস্কৃতি জুড়ে পুরো এক কাব্য ট্রেডিশনাল এর ছোয়া প্রতি কদমে কদমে পাবেন এ ট্যুরে। সাথে রাঙামাটি কাপ্তাই লেক এর প্রতি টা দ্বীপ এ তার সৌন্দর্য আর রহস্য উন্মোচন হোক এবার নিজের চোখে। দ্বীপ এ খাওয়া দাওয়া তাও ট্রেডিশনাল বেম্বো চিকেন পাহাড়ি ভর্তা,0,normal,0,"['রাঙামাটি', 'কাপ', 'তাই']"
রাঙ্গামাটিতে বুদ্ধ পূর্ণিমা উপলক্ষে মাঙ্গলিক শোভাযাত্রা ও আলোচনা সভা অনুষ্ঠিত।,0,normal,0,[]
সেনাবাহিনীর উদ্যোগে রিসোর্ট স্থাপনের মাধ্যমে বম সম্প্রদায়ের নতুন কর্মসংস্থান।,0,normal,0,[]
"রাঙ্গামাটি এর অদ্বিতীয় সৌন্দর্য উপভোগ করতে পারবেন রাঙামাটি তার পাহাড়ি দৃশ্য সুন্দর হ্রদ এবং স্থানীয় সংস্কৃতি এর জন্য বিখ্যাত লাল পাহাড়ের দেশ রাঙামাটির প্রাকৃতিক সৌন্দর্য একদিনে পাহাড়, হ্রদ, এবং স্থানীয় জীবনযাত্রা",0,normal,0,"['রাঙামাটি', 'রাঙামাটির']"
সেনাবাহিনীর সহায়তায় পাল্টে যাচ্ছে দুর্গম পাহাড়ি জনপদ ভূয়াছড়ির চিত্র;,0,normal,0,[]
"রাঙ্গামাটি আমাদের দেশের এক অসাধারণ সৌন্দর্যের নিদর্শন। পাহাড়, ঝরনা, এবং নীল জলাধার—প্রকৃতির চিরন্তন রূপ। এই জায়গার সংস্কৃতি, আদিবাসী জীবন ও ঐতিহ্য আমাদের ভাবায়। রাঙ্গামাটির শান্ত পরিবেশ ও মনোমুগ্ধকর দৃশ্য পর্যটকদের জন্য সত্যিই এক স্বর্গ। সবাইকে এই সৌন্দর্য উপভোগ করার আমন্ত্রণ জানাই!",0,normal,0,[]
"রাঙ্গামাটি জেলার অন্তর্গত পলওয়ে পার্ক একটি অত্যন্ত জনপ্রিয় পর্যটনকেন্দ্র এবং রাঙ্গামাটির অন্যতম সুন্দর স্থান। এটি মূলত কাপ্তাই লেকের তীরবর্তী অঞ্চলে অবস্থিত, যেখানে পর্যটকরা প্রকৃতির সৌন্দর্য উপভোগ করতে পারেন। এই পার্কটি রাঙ্গামাটির বৈচিত্র্যময় প্রকৃতি, পাহাড়, লেক ও সবুজ বনাঞ্চল ঘেরা এক মনোরম স্থান।",0,normal,0,"['কাপ', 'তাই']"
পছন্দের মানুষ বেছে নিতে জলকেলিতে মাতল মারমা তরুণ-তরুণীরা।,0,normal,0,[]
রাঙামাটিতে শিক্ষা প্রতিষ্ঠানে সেনাবাহিনীর শিক্ষা ও ক্রীড়া সামগ্রী বিতরণ।,0,normal,0,['রাঙামাটিতে']
"খাগড়াছড়িতে মারমা সম্প্রদায়ের ঐতিহ্যবাহী ""দং"" ও ""আলারী"" খেলার শুভ উদ্বোধন",0,normal,0,"['খাগ', 'ডা', 'ডি']"
ঐতিহাসিক পাহাড়ি উৎসবে পার্বত্য চট্টগ্রাম বিষয়ক মন্ত্রী: সংস্কৃতি লালনের মাধ্যমেই একটি জাতি উজ্জীবিত থাকে,0,normal,0,[]
খাগড়াছড়ির রামগড়ে সেনাবাহিনীর অভিযানে সন্ত্রা'সী সংগঠন ইউপিডিএফ (মূল)'র ৩ সন্ত্রা'সী আটক এবং একে-২২ রাই'ফেল উদ্ধার!,1,crime,1,"['খাগ', 'ডা', 'ডির']"
"মেঘলার পাহাড়ি নীরবতায়, প্রকৃতির রঙ যেন মনটা শান্ত করে দেয়… বান্দরবান মানেই অন্যরকম এক ভালো লাগা। মেঘলা, বান্দরবান",0,normal,0,"['মেঘলা', 'বান', 'দর']"
আলীকদমে বিজিবির ফ্রি মেডিকেল ক্যাম্পে চিকিৎসা পেল শতাধিক মানুষ,0,normal,0,['আলীকদম']
পাহাড়ে জীবনমান উন্নয়নে অবকাঠামো উন্নয়ন কার্যক্রমে এগিয়ে সেনাবাহিনী,0,normal,0,[]
নাইক্ষ্যংছড়িতে অস্ত্রধারী সন্ত্রাসীরা কৃষককে অপহরণের অভিযোগ !,1,crime,1,"['নাই', 'কষ', 'ডি']"
ছুটির দিন টা সুন্দরভাবে কাটানোর জন্য পরিবার পরিজন নিয়ে আমাদের সাথে বগালেক ও কেওক্রাডং চলুন।,0,normal,0,"['আমাদের', 'সাথে', 'বগা', 'লেক']"
আলীকদমে মুরুং পাড়ায় নতুন বৌদ্ধ বিহার উদ্বোধন: সীমান্তবর্তী জনপদের আশা-বাস্তবতার গল্প,0,normal,0,['আলীকদম']
সেনাপ্রধান আজকে আলীকদমে ‘আর্মি হিল অ্যান্ড জঙ্গল ওয়ারফেয়ার স্কুল’ উদ্বোধন করেছেন।,0,normal,0,['আলীকদম']
রাঙ্গামাটিতে এইমাত্র পানিতে গোসল করতে নেমে 7/8 বছরের ছেলে পানিতে ডুবে যায়। প্রায় অনেক খোজাখুজি 25 মিনিট পর পাইছে।এখন রাঙ্গামাটি সদর হাসপাতালে নেওয়া হয়েছে আল্লাহ যেন বাচিঁয়ে দেন।,1,waterway,1,[]
লামায় কারিগরি শিক্ষার নতুন দিগন্ত: “লামা টেকনিক্যাল ইনস্টিটিউট এন্ড কলেজ” চালুর উদ্যোগে ব্যাপক আশাবাদ-,0,normal,0,['লামা']
"জলকেলির ছোঁয়ায় কাটুক সকল কালিমা আর দুঃখ-ভয়, পাহাড়ি জনপদে ছড়িয়ে পড়ুক সম্প্রীতি আর নতুনের জয়। রাজার মাঠ, বান্দরবান।
",0,normal,0,"['বান', 'দর']"
বান্দরবান থেকে যাওয়ার সময় রেইছায় আমের গাড়ি উল্টে চারজন গুরুতর আহত হয়েছে।,1,road accident,1,"['বান', 'দর']"
সবুজ ফুরোমন পাহাড় আর মেঘের ঘেরা রাঙ্গামাটি—প্রকৃতির এক জীবন্ত ক্যানভাস। নিরিবিলি পরিবেশ  যেন মনটাকে ছুঁয়ে যায় বারবার…,0,normal,0,[]
"বান্দরবানে বাঘমারা বাজারে আ'গুনে পু'ড়ে ছাই ৫০টি দোকান ও বসতঘর,,,",1,natural disaster,1,"['বান', 'দর']"
"“হোয়াইট ফিক স্টেশন রিসোট” থেকে একজন পর্যটন মাতামুহুরী নদীতে গোসল করতে নেমে নিখোঁজ। জানা যায়, পর্যটকের নাম আব্দুল ওয়াদুদ সায়েম। তার বাড়ি চট্টগ্রামের সীতাকুণ্ডে। এর আগেও ঠিক একই এলাকায় এমন ঘটনা ঘটে।",1,waterway,1,[]
আগুন ঝাল আর মজাদার স্বাদের এক নতুন অনুভূতি! বান্দরবানে এসে একবার হলেও ট্রাই করুন আমাদের বিখ্যাত নাগা ঝালমুড়ি,0,normal,0,"['বান', 'দর']"
"ইতোমধ্যে সারাদেশে এক সু-পরিচিত জেলা খাগড়াছড়ি। পরিষ্কার পরিচ্ছন্নতা, ট্যুরিস্ট স্পট ও আতিথেয়তা নিয়েও রয়েছে এর বেশ খ্যাতি।",0,normal,0,"['খাগ', 'ডা', 'ডি']"
"বিজয় দিবস নাইট শর্টফিস ক্রিকেট টুর্নামেন্ট আপনারা সবাই আমন্ত্রিত আশা করবো আপনারা দল এন্ট্রি করে অংশগ্রহণ করবে খেলাটি খাগড়াছড়ির প্রাণকেন্দ্র পৌরসভায় মাঠে অনুষ্ঠিত হবে টুর্নামেন্ট সুন্দরভাবে শেষ করার লক্ষ্যে অনেকগুলো নিয়ম পরিবর্তন করে আপনাদের মাঝে টুর্নামেন্ট পরিচালিত হবে খেলাটি শুরু থেকে শেষ পর্যন্ত কাউসার ভাই মাইন ভাই এবং শাকিল ভাইয়ের মাধ্যমে পরিচালিত হবে প্রত্যেকটা ম্যাচে তিনজন আম্পিয়ার থাকবে আম্পায়ার কোন টিমে খেলতে পারবে না রিভিউ নেওয়ার ব্যবস্থা আছে প্রতিটা দল দুইটা করে রিভিউ পাবে , খেলাটি শুধুমাত্র নাইট অনুষ্ঠিত হবে দিনের বেলায় কোন ম্যাচ থাকবে না খেলাটি সরাসরি সম্প্রচার থাকবে ফেসবুক পেজ থেকে",0,normal,0,"['খাগ', 'ডা', 'ডির']"
পর্যটনী নগর খাগড়াছড়ি জেলা মানিকছড়ি উপজেলায় ভ্রমণ পিপাসুদের জন্য নতুন ট্যুরিস্ট স্পর্ট মানিকছড়ি ডিসি পার্ক এর শুভ সূচনা।,0,normal,0,"['খাগ', 'ডা', 'ডি', 'জেলা', 'মানিক', 'যর', 'িস', 'সপ']"
ঝর্না প্রকৃতির এক অপরূপ সৃষ্টি। শক্ত কঠিন পাহাড় থেকে ঘেসে আসা পানির ফোয়ারা মুগ্ধ করে সবাইকে। যে কেউ মুগ্ধ হয় এই সৌন্দর্যে। ঝর্ণার সৌন্দর্যে মুগ্ধ হয়ে অনেকেই বারবার ঘুরতে আসেন  খাগড়াছড়িতে ,0,normal,0,"['খাগ', 'ডা', 'ডি']"
"পাহাড়ি নারীদের সংগ্রামী জীবনঃ পাহাড়ের আকাঁ বাঁকা মেঠো পাহাড়ি পথ মাড়িয়ে জুম চাষ থেকে শুরু করে,,  ফসল উৎপাদন পরিচর্চা ও ফসল সংগ্রহ করে বাজারে পসরা সাজিয়ে বিক্রি করে ",0,normal,0,[]
"চিনি হুকুমু, চিনি সিনিমুং || আমাদের সংস্কৃতি, আমাদের পরিচয়!",0,normal,0,[]
অসম্ভব সুন্দর একটি পাহাড়ি গাছ।,0,normal,0,[]
খাগড়াছড়ি জেলার গুইমারা বাজার পার্বত্য অঞ্চলের অন্যতম বৃহৎ কলার হাট হিসেবে বিখ্যাত।,0,normal,0,"['খাগ', 'ডা', 'ডি', 'ইম', 'ারা']"
"খাগড়াছড়ি জেলার নতুন পর্যটন ভ্রমণ স্পট হতে পারে এই ম্যাজিস্ট্রেট পাড়া, মাইসছড়ি,, পর্যটন সংশ্লিষ্ট কতৃপক্ষের সুদৃষ্টি কামনা করছি যাতে এই স্পট টিকে সাজানো গোছানো পরিপাটি সৌন্দর্য মন্ডিত করে গড়ে তুলে প্রচার করা হয়,,",0,normal,0,"['খাগ', 'ডা', 'ডি']"
"বাংলাদেশের স্বর্গের সিড়ি,,যার অবস্থান খাগড়াছড়ি সদরে,,সিঙ্গিনালা জামতলা নেমে পাহাড়ি পথে পায়ে হেটে ও চেঙ্গী নদী পেরিয়ে উচু নিচু পাহাড়ি পথ মাড়িয়ে যেতে হয় এই স্বর্গের সিড়ির দ্বারপ্রান্তে",0,normal,0,"['যার', 'অব', 'থান', 'খাগ', 'ডা', 'ডি']"
"পাহাড়ি কৃষি গবেষণা কেন্দ্র  খাগড়াছড়ি,,এখন থেকে। বাংলাদেশ কৃষি গবেষণা ইনস্টিটিউট খাগড়াছড়ি,, ২০২৫ সালে নববর্ষ উপলক্ষে নতুন করে সেজেছে পুরো ক্যাম্পাস,, আরো একটু দৃষ্টি নন্দন করে সাজিয়ে পর্যটক ও দর্শনার্থীদের প্রবেশের অনুমতি দেওয়ার জন্য কতৃপক্ষের সুদৃষ্টি কামনা করছি।।",0,normal,0,[]
খাগড়াছড়ি'র মাটিরাঙ্গায় সংঘবদ্ধ ধর্ষণের অপরাধের ২ যুবক আটক।পলাতক আরও ২ জন।,1,crime,0,"['খাগ', 'ডা', 'ডি', 'মাটির', 'গা']"
"বাজার মানেই যেন মিলনমেলা। আজ মেরুং বাজার চলছে, এখানে পাহাড়ি, বাঙালি, হিন্দু, ত্রিপুরা—সবাই মিলে একসাথে সমবেত হন। সাপ্তাহিক বাজারে প্রত্যেকে তাদের প্রয়োজনীয় শাকসবজি, ফলমূল ও নিত্যপ্রয়োজনীয় জিনিসপত্র ক্রয় করেন।",0,normal,0,[]
দুর্গম পাহাড়ি অঞ্চলে নেই ভালো কোন চিকিৎসা সেবা,0,normal,0,[]
বাংলাদেশ সেনাবাহিনীর এমন মানবিক কর্মযজ্ঞে শান্তির সু-বাতাস ছড়িয়ে পড়ুক পাহাড় থেকে পাহাড়ে।,0,normal,0,[]
পর্যটকদের নতুন তীর্থস্থান সিন্দুকছড়ি,0,normal,0,"['নত', 'তীর', 'থান', 'সিন', 'দক', 'ডি']"
বর্ষা মানেই পাহাড়ি হাটবাজারগুলো বাঁশ কোড়লে ভরপুর!,0,normal,0,[]
পাহাড়ের সৌন্দর্যে হারিয়ে যাও আনমনে.....,0,normal,0,[]
"খাগড়াছড়িতে বৈসুর শোভাযাত্রা! ত্রিপুরা জনগোষ্ঠীর প্রধান সামাজিক ও বর্ষবরণ উৎসব হলো 'বৈসু' (Buisu/Boisuk), যা চৈত্র মাসের শেষ দুই দিন এবং বৈশাখের প্রথম দিন, মোট তিন দিন ধরে উদযাপিত হয় । এটি পাহাড়ের জনপ্রিয় 'বৈসাবি' উৎসবের অন্যতম অংশ। এই উৎসবের প্রধান আকর্ষণ হলো ফুল সংগ্রহ, ঐতিহ্যবাহী পোশাক পরিধান, 'গড়াইয়া' নৃত্য এবং 'মইত্যা' বা বিশেষ সুস্বাদু খাবার তৈরি ।",0,normal,0,"['খাগ', 'ডা', 'ডি']"
"পাহাড়ের কোলে শান্ত-সৌন্দর্যে ঘেরা জীবনযাপন করে মারমা নারীরা। তাদের সকাল শুরু হয় প্রকৃতির কোলে—জুম চাষ, পানি সংগ্রহ, রান্না, আর সংসারের কাজের মধ্য দিয়ে। রঙিন তামি পরে, পরম আত্মবিশ্বাসে তারা হাঁটে নিজস্ব সংস্কৃতির গর্বে।",0,normal,0,[]
"“বরাদ্দ ও টেন্ডারের ঘোষণা থাকলেও বাস্তবায়নের অভাবে খাগড়াছড়ি সদর হাসপাতালের প্রবেশপথ এখনো বেহাল অবস্থায় পড়ে আছে, যা প্রশ্ন তুলেছে সংশ্লিষ্ট কর্তৃপক্ষের দায়িত্বশীলতা নিয়ে।”",0,normal,0,"['ের', 'অভাবে', 'খাগ', 'ডা', 'ডি']"
"সরকার বদলায়, পোস্টার বদলায়। বদলায় না শুধু পাহাড়ের চিকিৎসা ব্যবস্থার করুণ চিত্র!!",0,normal,0,[]
"প্রকৃতির এক অপার মুগ্ধতা! খাগড়াছড়ির মাটিরাঙ্গা উপজেলার রিসাং ঝর্ণা, যেন সবুজ পাহাড়ের কোলে এক শীতল ধারা। আলুটিলার পাশেই এই ঝর্ণার শিরশির শব্দ আর স্বচ্ছ পানি নিমিষেই মন জুড়িয়ে দেয়। প্রাকৃতিক সৌন্দর্যের এই লীলাভূমিতে সবাইকে আমন্ত্রণ!",0,normal,0,"['খাগ', 'ডা', 'ডির', 'মাটির', 'গা', 'রিসা', 'আল', 'টিলা']"
সকালে সূর্য ওঠার আগে পাহাড়ের ভাঁজে ভাঁজে জমে থাকে মেঘ এটাই সাজেক।,0,normal,0,['সাজেক']
আজ পানছড়ির পুজগাং থেকে তোলা পাহাড়ি টাটকা শাক সবজির ছবি।,0,normal,0,[]
"আলুটিলার চূড়া থেকে দেখা খাগড়াছড়ি শহর যেন তেমনই সুন্দর। সাথে রহস্যময় গুহা, দুটো ঝুলন্ত ব্রিজ, আর পাহাড়ি গায়ে শিল্পীদের দারুণ কারুকাজ।",0,normal,0,"['আল', 'টিলা', 'থেকে', 'দেখা', 'খাগ', 'ডা', 'ডি']"
"খাগড়াছড়ির ঐতিহ্যবাহী নিউজিল্যান্ডে বৈস্যু সাংগ্রাই বিজু বৈসাবি উৎসব উপলক্ষে বৈসাবি মেলা শুরু হয়েছে,, পাহাড়ি বাঙ্গালী ও খাগড়াছড়িতে অবস্থান করা পর্যটকদের পদচারণায় মুখর মেলা প্রাঙ্গণ,,,সময় করে সবাই একটু বেড়াতে যাবেন,, সবাইকে আমন্ত্রণ",0,normal,0,"['খাগ', 'ডা', 'ডি']"
আজ বিকেলে খাগড়াছড়ি-চট্রগ্রাম মহাসড়কে মানিকছড়ি তিনট্যহরী গুচ্চগ্রাম এলাকায় কলাবাহী পিকাপের সাথে শান্তি এক্সপ্রেসের মুখোমুখি সংঘ*র্ষ হয়! পিকাপ চালক গুরুতর আহত সহ বাসের বেশ কিছু যাত্রী আহত হয়!,1,road accident,1,"['চট', 'গরা', 'মহা', 'সড', 'কে', 'মানিক', 'ডি']"
খাগড়াছড়ির স্বনির্ভরে চলছে জমজমাট বলিখেলা,0,normal,0,[]
একটা সময় দুর পাহাড়ের কম বেশি সব পাহাড়িদের ঘরের সামনে মাটির হাড়িতে এভাবে পানি রাখা হতো। যাতে পথিকরা তৃষ্ণা পেলে পানি খেতে পারে। খুব গরমেও মাটির হাড়ির পানি ঠান্ডা থাকতো। প্রতিদিন পানি পরিবর্তন করা হতো। এটিকে পূর্ণলাভ হিসেবে দেখা হয়।,0,normal,0,[]
"""হুত্তি""চাকমাদের ব্যবহৃত মাটির তৈরি ফ্রিজ বলা যায়। গরমকালে পানি ঠান্ডা রাখার জন্য ব্যবহৃত হয়। বোতল ব্যবহারের পূর্বে চাকমাদের ঘরে ঘরে এই হুত্তি দেখা যেত। বর্তমানে দূর্গম পাহাড়ি গ্রামে এবং সংস্কৃতি সচেতন মানুষেরা এখনো এই ""হুত্তি"" ব্যবহার করে থাকে। পাহাড়ের গা বেয়ে পড়া ঝিড়ির বিশুদ্ধ খাবার পানি পাহাড়ি নারীরা এইখানে সংরক্ষন করে রাখতেন। এই হুত্তি পাহাড়ের অন্যান্য জাতিগোষ্ঠী তথা- মারমা, তঞ্চঙ্গ্যা, বম, খিয়াংসহ সবাইকেই এটি ব্যবহার করতে দেখা যেত।",0,normal,0,[]
খাগড়াছড়ি কারিগরি প্রশিক্ষণ কেন্দ্র (টিটিসি) মতো বাজে কোন প্রতিষ্ঠান নেই শুধুমাত্র টাকা মারার ধান্দা নিয়েই এরা খাগড়াছড়ি কারিগরি প্রশিক্ষণ কেন্দ্র তৈরি করেছে।,0,normal,0,"['খাগ', 'ডা', 'ডি', 'এরা']"
রাঙামাটিতে ঐতিহাসিক সেই রাজারবাড়ি সেই পুরানো গাছগুলো এখনো নদীর মাঝখানে আগের মতই রয়ে গেছে!,0,normal,0,['রাঙামাটিতে']
"দূরছড়িতে গাছ সরিয়ে স্বাভাবিক যান চলাচল নিশ্চিত করল যুব রেড ক্রিসেন্ট। ​বাঘাইছড়ি, রাঙ্গামাটি প্রবল বর্ষণের ফলে বাঘাইছড়ির দূরছড়িতে রাস্তার ওপর গাছ ভেঙে পড়ে যান চলাচল বন্ধ হয়ে যায়। এতে বেশ কয়েকটি গাড়ি আটকা পড়লে চরম ভোগান্তির শিকার হন সাধারণ পথচারী ও যাত্রীরা।",0,normal,0,"['দর', 'ডি', 'বাঘা', 'ফলে', 'ডির']"
"রাঙামাটির আমতলীতে ঝড়ের কবলে পড়ে আহত এক কিশোর,",1,natural disaster,1,['রাঙামাটির']
"রাঙামাটিতে ঝড়ে আম গাছ চাপা পড়ে কিশোর আহত, চট্টগ্রামে রেফার,পরিচয় শনাক্তে আকুল আবেদন",1,natural disaster,1,['রাঙামাটিতে']
ঝুম বৃষ্টি আর পাহাড়ি আমেজ বনরূপা যেন এক রূপকথার শহর!,0,normal,0,[]
"বৃষ্টির দেখা পেল রাঙামাটি, তীব্র গরমে জনজীবনে এল কিছুটা স্বস্তি",0,normal,0,['রাঙামাটি']
"রাঙামাটির সাজেকে বজ্রপাতে ৩ মাস বয়সী শিশুর মৃত্যু, আহত ৫",1,natural disaster,1,"['রাঙামাটির', 'সাজেক']"
আজকে কাঠালতলী রাঙামাটির সড়কে বাইক দুর্ঘ-টনার সিসিটিভি ফুটেজ!,1,road accident,1,['রাঙামাটির']
দীঘীনালায় মাইনি নদী থেকে ৭ বছরের শিশু সুগেন চাকমা মরদেহ উদ্ধার করল রাঙামাটি ডুবুরি ইউনিট,1,waterway,1,['রাঙামাটি']
"পানছড়িতে বজ্রপাতে প্রা'ণ গেল পঞ্চম শ্রেণির ছাত্রীর, আ'হ'ত পিতা",1,natural disaster,1,"['পান', 'ডি']"
রাঙামাটি সদরে কালবৈশাখী ঝড়ের তাণ্ডব: নিমগাছ উপড়ে বসতবাড়ি ও বিদ্যুৎ লাইন বিধ্বস্ত,1,natural disaster,1,['রাঙামাটি']
"তীব্র গরমের পর স্বস্তির বৃষ্টি, জুড়ালো পাহাড়কন্যা রাঙামাটি",0,normal,0,['রাঙামাটি']
রাঙামাটিতে ট্রাফিক ব্যবস্থাপনায় ডিজিটাল বিপ্লব: উদ্বোধন হলো অনলাইন বাস টার্মিনাল ও সিএনজি চালকদের ডিজিটাল ডাটাবেস,0,normal,0,['রাঙামাটিতে']
কাপ্তাই কর্ণফুলী নদীতে দাদার সাথে গোসল করতে গিয়ে নাতির মৃত্যু!,1,waterway,1,"['কাপ', 'তাই']"
"রাঙামাটির স্বর্ণটিলা প্রধান সড়ক বেহাল: গর্তের ভিড়ে জনভোগান্তি,",0,normal,0,"['রাঙামাটির', 'সব', 'ণটি', 'লা']"
"পাহাড় যখন ঘুমে, বনরূপা আর রিজার্ভ বাজার তখন জাগরণী গানে।",0,normal,0,"['রিজা', 'বাজার']"
কাপ্তাইয়ে লোকালয়ে খাবারের সন্ধানে এসে কুকুরের কামড়ে হরিণের মৃত্যু!,0,normal,1,"['কাপ', 'তাই']"
রাবিপ্রবির একাডেমিক ভবন-১ থেকে গ্রিন ক্যাট (সবুজ ফণীমনসা) সাপ উদ্ধার।,0,normal,0,[]
Amar bison piryo bandarban il love bandarban. Ami jokon deshe jai bandarban jaboi jabo.baia apnar video teke anek jana jai sika jai tar jonno anek donnobad shovo kamuna KSA DAMMAM,0,normal,0,[]
"অসাধারণ ভ্রমণ অভিজ্ঞতা! 🇧🇩 নীলগিরি ও নীলাচলের মনোমুগ্ধকর প্রাকৃতিক সৌন্দর্য সত্যিই অবিশ্বাস্য। মেঘে ঢাকা পাহাড়, শান্ত প্রকৃতি আর বন্ধুবান্ধবের সঙ্গে কাটানো সময় — এক কথায় স্বপ্নের মতো! বান্দরবান ভ্রমণের এই গাইড যে কাউকে সেখানে যেতে অনুপ্রাণিত করবে।",0,normal,0,"['নীলগিরি', 'নীলাচল', 'বান', 'দর']"
অনেক সুন্দর একটি ট্যুর ছিল ভাই আপনার আমিও এসব জায়গায় চারবার গিয়েছি অনেক ভালো লাগলো ভবিষ্যতে আবারো যাওয়ার প্লানিং আছে। সবমিলিয়ে অনেক সুন্দর ভিডিও ছিলো ধন্যবাদ আপনাকে ভাইয়া,0,normal,0,[]
Bandarban is truly an heavenly place of immense natural beauty,0,normal,0,[]
"বান্দরবান হীল কেটে আসলাম,আলহামদুলিল্লাহ ... সুন্দর মনোরম প্রকৃতি ও পাহাড় যা দুচোখ জুড়িয়ে যায় মন ভরে যায়!",0,normal,0,"['বান', 'দর']"
"20 বছর আগে কেওক্রাডং পাহাড়ে গিয়েছিলাম, বান্দরবান শহর থেকে আড়াই দিন লেগেছিল পথ চলে, নৌকায়",0,normal,0,"['বান', 'দর']"
"রাস্তাঘাট হয়ছে এটা ভালো হয়ছে যে সকলেই কেওক্রাডং এর সৌন্দর্য উপভোগ করতে পারবে এখন। কিন্তু স্বর্ণযোগ ত, তখনি ছিল যখন আমরা হাইকিং করে পায়ে হেঁটে কেওক্রাডং গেছি।",0,normal,0,[]
"Solo traveller der jonno na eta..soja rastay jor kore guide chapay dey..samner spot gula khulle jabo..jemon,Double falls,jadipai..",0,normal,0,[]
"আল্লাহ প্রদত্ত কিছু জিনিস মডিফাই করতে নেই, ২০১৫ তে গিয়েছিলাম ট্রেকিং করে বগালেক টু কেওকারাডং, তখনকার রোমাঞ্চকর অভিজ্ঞতার সাথে এখনকার ভ্রমণ পাত্তাই পাবেনা। এখন হয়তো যোগাযোগ ব্যাবস্থা ভালো হয়েছে অনেক কিন্তু পাহার তার নিজস্ব সুন্দর্য্য হারিয়েছে।",0,normal,0,"['েক', 'িং', 'বগা', 'লেক', 'তাই']"
Bogalake theke hete gacilam. What was the journey. Sokal 9 tai rouna dicilam r hete gia pouchai bikal 5 tai . Kono luxury resort cilo na tkn. Coto coto room cilo. Amra 1 room a cilam 5 jon. Bathroom cila na.,0,normal,0,[]
"বান্দরবানের ত্রিপল ভ্রমণপিপাসুদের জন্য সত্যিই স্বর্গের মতো! তিন্দুর পাহাড়ি সৌন্দর্য, ঝরনার কলকল ধ্বনি আর নীল-সবুজ জলের ধারা একবার চোখে না দেখলে বিশ্বাস করা মুশকিল।",0,normal,0,"['বান', 'দর', 'বানের']"
"ধন্যবাদ বাংলাদেশ সেনাবাহিনী, এ দূর্গম অঞ্চলে সুন্দর পাকা পিচঢালা রাস্তা তৈরী করে দেয়ায়।।",0,normal,0,[]
"আজিজনগর থেকে ছিয়াত্তলি অতঃপর গজালিয়া হয়ে লামা পাহাড় বন সমৃদ্ধ অপূর্ব , ট্র্যাকিং এর জন্য আদর্শ।",0,normal,0,['লামা']
Vai je Akbar jabe alikodom thanchi প্রকৃতির প্রেমে পড়ে যাবে,0,normal,0,[]
এখন চাইতে জানুয়ারি ফেব্রুয়ারিতে নৌকা যোগে বড় পাথর রেমাক্রি খাল ঝরনা দেখতে সবচেয়ে বেশি সুন্দর লাগে কারন তখন নদীর পানি নীল রঙের থাকে,0,normal,0,[]
ভাই আমারা প্রতিনিয়ত তিন্দু ক্যাম্প আবুপাড়া পায়ে হেঁটে টহল করি আমাদের কি কষ্ট হয় । অনেক সময় আবুপাড়া উপরের উঁচু কিলায় উঠতে হয়,0,normal,0,[]
রাংলখ ঝরনা সত্যি অনেক সুন্দর,0,normal,0,[]
দারুণ এক ভ্রমণ অভিজ্ঞতা! বান্দরবানের গহীনে লাংলক ঝরনা ও থানচির পাউ পাড়া—প্রকৃতির লুকানো রত্ন যেন। “Travel With Naimur”-এর উপস্থাপনায় জায়গাগুলোর সৌন্দর্য আরও জীবন্ত হয়ে উঠেছে। এমন অভিযাত্রা সত্যিই মনকে টেনে নেয় পাহাড়ের কোলে।,0,normal,0,"['বান', 'দর', 'বানের', 'থানচি']"
পাহাড়ের সকালে সৌন্দর্য এতটা এতটা সুন্দর কেউ চোখে না দেখলে তাকে সৌন্দর্য বিশ্বাস করা যাবে না। এই সৌন্দর্যের কোনো তুলনা নেই,0,normal,0,[]
"রাঙ্গামাটি পার্বত্য এলাকার উন্নয়ন জরুরী, রাস্তাঘাট ইউরোপিয়ান স্টাইলে করা উচিত। পর্যটন বিপ্লবের মাধ্যমে পার্বত্য অঞ্চল, সমানতালে এগিয়ে যাবে,উন্নয়নের উচ্চ শিখরে।ভূমি আইন পরিবর্তন করে সবাইকে সমান অধিকার দেওয়া হলে,অতি তাড়াতাড়ি উন্নয়ন সম্ভব।",0,normal,0,[]
তিন দিন আগে তিন্দু শাংগু নদি লাংলক ঝর্ণা ঘুরি আসছি,0,normal,0,[]
"অসাধারণ পাহাড়ী জনপদ। পাহাড়, ঝর্ণার অপূর্ব সৌন্দর্য। পাহাড়ী মানুষের জীবন, পাহাড় ও প্রকৃতির মিলনমেলার অন্যরকম মুগদ্ধতা। শুভকামনা রইল।",0,normal,0,[]
ওখানে বাংলাদেশের সাধারণ মানুষের জান মালের নিরাপদ নেই।পাহাড়ি রা অনেক ভয়ংকর।,0,normal,0,[]
"আমার বাড়ি খাগড়াছড়ি,,, আমি খাগড়াছড়ির মেয়ে,আমার জেলা আমার গরভো।",0,normal,0,['ডা']
আমি খাগড়াছড়ি থেকে আমি এই জায়গা গুলোতে অনেক বার গিয়েছি আর অনেক ভালো লাগে আমি আমার জেলাকে অনেক বেশি পছন্দ করি। আমি আগে বলতাম খাগড়াছড়ি মানুষের এত ভালো লাগে কেন?এবার বুঝি আসলে শহরের জীবন থেকে প্রাকৃতিক জীবন যাপন করা অনেক ভালো আর অনেক মজা। আগে বলতাম ঢাকায় যাবো। কিন্তু এখন যত ঢাকায় চলে যাওয়ার সময় আসছে ততো কষ্ট লাগছে,0,normal,0,"['খাগ', 'ডা', 'ডি', 'আগে', 'বলতাম']"
পাহাড়ের অপরূপ সৌন্দর্য জায়গা খাগড়াছড়ি। আপনার ভিডিওর মাধ্যমে আরো সুন্দর দেখা গেছে খাগড়াছড়ি কে,0,normal,0,"['খাগ', 'ডা', 'ডি']"
"আমি ২৩ সালে খাগড়াছড়ি গেছিলাম, শুধু আলুটিলা গুহা দেখছিলাম। আসলে ভ্রমণ স্পট সম্পর্কে ধারণা ছিলো না তাই কিছু না দেখেই চলে আসছি",0,normal,0,"['সালে', 'খাগ', 'ডা', 'ডি', 'আল', 'টিলা']"
Homeland dekhe Mon ta juriye jai.... But.. Akono porjonto hati matha jaowa hoi ni,0,normal,0,[]
আমি খাগরাছরি বান্দরবান রাঙ্গমাটি ককছোবাজার সেন্টমাটির দিপ দশদিনের সফরে গিয়াছিলাম,0,normal,0,"['খাগ', 'রা', 'রি', 'বান', 'দর']"
আমার এখনো মনে আছে 2010 সালে আমার ফোফাতো ভাই সোহেল রানার সাথে অনেক দিন এই জায়গা গোলো ঘোড়ে ঘোড়ে দেখছিলাম তার বাড়ি খাগড়াছড়ি মাইথছড়ি থেকে ভিতরে থলি পাড়া।,0,normal,0,"['তার', 'বা', 'ডি', 'খাগ', 'ডা', 'মাই']"
আমি খাগড়াছড়ির বসবাস করি। আসলে খুব সুন্দর আমার প্রিয় খাগড়াছড়ি।,0,normal,0,"['খাগ', 'ডা', 'ডি']"
আলুটিলা গিয়েছিলাম কিন্তু স্বর্গের সিঁড়ি যে কোন জায়গায় তা দেখি নাই বলে মিস করছি,0,normal,0,"['আল', 'টিলা']"
আমিও আলুটিলা গোহাটি গেছি ঝরনা দেখেছি ঠান্ডা পানি খেয়েছি হাহা আমিও তুমি আলোর ছিড়া দেখি দেখেছি,0,normal,0,"['আমিও', 'আল', 'টিলা']"
"খাগড়াছড়ি অনেক সুন্দর প্রকৃতির অপরুপ দৃশ্য, দেখে আমি জায়গা ঘর কিনেছি, বিদেশ থেকে ছুটিতে গেলে ঘরে যায় প্রকৃতির সাথে মিশতে",0,normal,0,"['খাগ', 'ডা', 'ডি']"
"আমার নানু বাড়ি খাগড়াছড়ি আমি কালকে গেছিলাম ভাই। পায়ের অবস্থা খারাপ হয়ে যায় হাতির মাথা সিরি, ওখানে সিরি ছাড়া আর কিছুই নাই",0,normal,0,"['খাগ', 'ডা', 'ডি']"
আমি হাগড়াছড়িতে অনেক দিন ছিলাম। এই ছেলেটি দেখতে অত্যন্ত সুন্দর এবং মানুষগুলো ভালো। আপনারা যারা ভ্রমণ করতে পছন্দ করেন তারা খাগড়াছড়ি ও রাঙ্গামাটিতে ভ্রমন করতে পারেন।,0,normal,0,"['হাগ', 'ডা', 'ডি', 'খাগ']"
"পার্বত্য জেলার মধ্যে খাগড়াছড়ি কেন জানি সব সময় পিচিয়ে এবং অবহেলিত , অথচ আমাদের খাগড়াছড়িতে সমতল, উঁচু পাহাড়, ছোট পাহাড় , ঝর্ণা সবই আছে । শুধুমাত্র এগুলিকে টুরিস্ট স্পট বা বাণিজ্যিকভাবে ব্যবহার করার মত মানুষ নেই । যেমন আপনার কথাই ধরুন আপনিও শুধুমাত্র হাতেগোনা জায়গাই গিয়েছেন , এটাই স্বাভাবিক , কিন্তু খাগড়াছড়ি আয়তন 2700 বর্গ কিলোমিটার , আপনি যদি বান্দরবনের মত বড় পাহাড়ের স্বাদ পেতে চান তাহলে লক্ষীছড়ি মহালছড়ির মাঝামাঝি উঁচু পাহাড় রেঞ্জে যেতে পারেন , যদিও সেখানে যাওয়ার ব্যবস্থা নেই",0,normal,0,"['খাগ', 'ডা', 'ডি', 'আমাদের']"
সুন্দর লাগলো। এরকম পাহাড়ে আমিও অনেকবার উঠেছি ভিডিও তৈরির জন্য রাঙামাটির গহীন এলাকায়। তবে বেশি খাড়া ছিলো শুভলং টি এন্ড টি পাহাড়। স্বর্গের সিঁড়িতে এ বছর যাবো হয়তো। দেখি কবে সিডিউল করতে পারি।,0,normal,0,['রাঙামাটির']
খাগড়াছড়ির চেঙ্গী নদীপাড়ে পাহাড়ীদের পানছড়ি বাজার,0,normal,0,"['নদী', 'পা', 'ডে', 'হা', 'ডী', 'দের', 'পান', 'ডি']"
2009 সালে আমি আমার বাবার চাকরি সূত্রে এখানে ছিলাম।আমার বাবা ছিলেন সেনাবাহিনী।ঐ খানে উপজেলার পাশে একটা কোয়ার্টার ছিলো।ঐ খানে আমরা থাকতাম।সামনেই ছিল আনসার ক্যাম্প।পাশে চিংঙি নদী।এখনো সেখানে যেত ইচ্ছা করে।কেউ যদি থাকেন সেই কোয়ার্টার চিনেন তাহলে একটু ভিডিও করে পাঠাবেন প্লিজ,0,normal,0,[]
সেটেলার বাংগালীরা না থাকলে পার্বত্য চট্টগ্রাম আরো কত সুন্দর হতো,0,normal,0,[]
শিতের সময় খাগড়াছড়িতে গিয়ে নদীতে হাটার সুযোগ হয়েছিল ।,0,normal,0,"['সময', 'খাগ', 'ডা', 'ডি']"
"পানছড়ি বাজারের বর্ণনা সত্যিই মন ভরে দেয়। চেঙ্গী নদীর শান্ত স্রোত, পাশে সবুজ পাহাড়, আর নানা জনগোষ্ঠীর মানুষের সরল জীবনযাপন এক সুন্দর পরিবেশ তৈরি করে। এমন বৈচিত্র্যে ভরা পাহাড়ি বাজার মনে অনায়াসে জায়গা করে নেয়।",0,normal,0,"['পান', 'ডি']"
গুইমারার বুদুংপাড়ায় নিয়ন্ত্রণ হারিয়ে একটি যানবাহন পাহাড়ে আঘাত করেছে।,1,road accident,1,"['ইম', 'ারা']"
তীব্র বাঁকে দুর্ঘটনার কবলে পড়ে পাহাড়ে ধাক্কা লাগে গাড়িটির গুইমারার বুদংপাড়ায়,1,road accident,1,"['ইম', 'ারা']"
খাগড়াছড়িতে গুইমারার বুদংপাড়ায় সড়কের বাঁকে নিয়ন্ত্রণ হারিয়ে দুর্ঘটনার ঘটনা ঘটেছে।,1,road accident,1,"['খাগ', 'ডা', 'ডি', 'ইম', 'ারা']"
Guimarar Budungparay tibro bake niyontron hariye pahare dhakka diyeche gari.,1,road accident,1,[]
Guimara Budungpara area te sharp turn e control hariye vehicle pahare crash koreche.,1,road accident,1,[]
থানচিতে শিশু ধর্ষণের ঘটনায় এক অভিযুক্তকে আটক করেছে পুলিশ।,1,crime,1,['থানচি']
পাহাড়ি শিশুকে ধর্ষণের অভিযোগে থানচিতে একজনকে গ্রেপ্তার করা হয়েছে।,1,crime,1,['থানচি']
থানচিতে শিশু নির্যাতনের ঘটনায় এলাকায় চাঞ্চল্যের সৃষ্টি হয়েছে।,1,crime,1,['থানচি']
Thanchi te sare 5 bochorer ek pahari shishu dhorshoner shikar hoyeche.,1,crime,1,[]
Thanchi te child rape case e accused ke police arrest koreche.,1,crime,1,[]
সাপছড়িতে যাত্রীবাহী বাস দুর্ঘটনার পর চালক-সহকারী পালিয়ে গেছে।,1,road accident,1,"['সাপ', 'ডি']"
সাপছড়িতে পাহাড়িকা বাস উল্টে দুর্ঘটনায় একাধিক যাত্রী আহত হয়েছেন।,1,road accident,1,"['সাপ', 'ডি']"
সাপছড়িতে বাস দুর্ঘটনার ঘটনায় আহতদের উদ্ধার করে হাসপাতালে পাঠানো হয়েছে।,1,road accident,1,"['সাপ', 'ডি']"
Sapchari te Paharika bus durghotonay ahoto hoyechen onek jatri.,1,road accident,1,[]
Sapchari te passenger bus accident er por driver ar helper paliye geche.,1,road accident,1,[]
দীঘিনালা-খাগড়াছড়ি সড়কে সংস্কারকাজের কারণে বাড়ছে দুর্ঘটনার ঝুঁকি।,0,normal,1,"['দীঘিনালা', 'খাগ', 'ডা', 'ডি']"
দীঘিনালায় রাস্তার পাশে বালু ভরাট অংশে গাড়ি উঠানামা করতে গিয়ে দুর্ঘটনার শিকার হচ্ছেন চালকরা।,0,normal,0,['দীঘিনালা']
সড়ক প্রশস্তকরণের কাজের কারণে দীঘিনালা সড়কে চলাচলে দুর্ভোগ তৈরি হয়েছে।,0,normal,1,['দীঘিনালা']
Dighinala-Khagrachari soroke balu vhorater karone durghotona ghotche.,0,normal,1,[]
Dighinala-Khagrachari road widening kaj er karone accident risk bere geche.,0,normal,0,[]
সাপছড়িতে বাস দুর্ঘটনায় আহত যাত্রীদের হাসপাতালে ভর্তি করা হয়েছে।,1,road accident,1,"['সাপ', 'ডি']"
রাঙ্গামাটিতে যাত্রীবাহী বাস উল্টে বেশ কয়েকজন আহত হয়েছেন।,1,road accident,1,[]
Rangamati Sapchari te jatribahi bus ulte bhoyaboh durghotona ghoteche.,1,road accident,1,[]
Rangamati Sapchari te passenger bus overturn kore serious accident hoyeche.,1,road accident,1,[]
কাউখালীতে বন্য হাতির হামলায় নিহত মেশি মারমার পরিবারকে আর্থিক সহায়তা দিয়েছে বনবিভাগ।,1,wildlife attack,1,['কাউখালী']
কাউখালীতে হাতির আক্রমণে প্রাণ হারানো ব্যক্তির পরিবারকে ৩ লাখ টাকা প্রদান করা হয়েছে।,1,wildlife attack,1,['কাউখালী']
বন্য হাতির আক্রমণের ঘটনায় কাউখালীতে ক্ষতিগ্রস্ত পরিবারকে সহায়তার উদ্যোগ নিয়েছে বনবিভাগ।,1,wildlife attack,1,['কাউখালী']
Kaukhali te bonno hatir akromone nihoto Meshi Marmar poribarke 3 lakh taka onudan diyeche bon bibhag.,1,wildlife attack,1,[]
Kaukhali te wild elephant attack e nihoto poribar ke 3 lakh taka assistance diyeche forest department.,1,wildlife attack,1,[]
রাঙামাটিতে হাতির আক্রমণে প্রাণ হারিয়েছেন এক কৃষক।,1,wildlife attack,1,['রাঙামাটিতে']
বন্য হাতির হামলায় রাঙামাটির এক কৃষকের মর্মান্তিক মৃত্যু হয়েছে।,1,wildlife attack,1,['রাঙামাটির']
হাতির আক্রমণের ঘটনায় এলাকায় আতঙ্ক ছড়িয়ে পড়েছে রাঙ্গামাটিতে।,1,wildlife attack,1,[]
Rangamati te bonno hatir akromone ek krishoker mrityu hoyeche.,1,wildlife attack,1,[]
Rangamati te wild elephant attack e ek farmer mara gechen.,1,wildlife attack,1,[]
কাপ্তাই হ্রদে নৌকা ডুবে যাওয়ার পর উদ্ধার অভিযান চালিয়েছে সেনাবাহিনী।,1,waterway,1,"['কাপ', 'তাই', 'হর', 'দে']"
কাপ্তাই হ্রদে নৌকাডুবির ঘটনায় সেনাবাহিনীর সদস্যরা সফলভাবে উদ্ধারকাজ সম্পন্ন করেছেন।,1,waterway,1,"['কাপ', 'তাই', 'হর', 'দে']"
কাপ্তাই হ্রদে দুর্ঘটনার পর উদ্ধার অভিযানে সক্রিয় ছিল সেনাবাহিনী।,1,waterway,1,"['কাপ', 'তাই', 'হর', 'দে']"
Kaptai hrode noukadubir ghotonay senabahinir uddhar obhijan sofol hoyeche.,1,waterway,1,[]
Kaptai lake e boat capsize er por army successful rescue operation chaliyeche.,1,waterway,1,[]
কাপ্তাই লেকে ঝড়ের মধ্যে নৌকা ডুবে গেলেও একটি পরিবার অল্পের জন্য রক্ষা পেয়েছে।,1,waterway,1,"['কাপ', 'তাই']"
রাঙামাটিতে ঝড়ের কারণে নৌকাডুবির ঘটনায় তিনজনকে জীবিত উদ্ধার করা হয়েছে।,1,waterway,1,['রাঙামাটিতে']
কাপ্তাই লেকে বৈরী আবহাওয়ার মধ্যে নৌদুর্ঘটনায় আতঙ্ক ছড়িয়ে পড়ে।,1,waterway,1,"['কাপ', 'তাই']"
Jhorer kobole pore Kaptai lake e noukadubi holeo poribarer 3 jon beche firechen.,1,waterway,1,[]
Storm er moddhe Kaptai lake e boat accident holeo family ta safe vabe rescue hoyeche.,1,waterway,1,[]
জালিয়াপাড়া-রামগড় সড়কের চাষীনগর এলাকায় শ্যামলী পরিবহনের নৈশকোচের খোলা দরজার আঘাতে শাহ আলম নামে এক ব্যক্তি নিহত ও তিনজন আহত হয়েছেন।,1,road accident,1,[]
রামগড় সড়কে বাসের খোলা দরজার আঘাতে একজন নিহত হওয়ার ঘটনা ঘটেছে।,1,road accident,1,[]
জালিয়াপাড়া-রামগড় সড়কের চাষীনগর এলাকায় ঢাকাগামী নৈশকোচের দরজার ধাক্কায় রাস্তার পাশে দাঁড়িয়ে থাকা কয়েকজন যাত্রী আহত হয়েছেন।,1,road accident,1,[]
Jaliapara-Ramgarh soroke bus er khola dorjar aghate ekjon nihoto hoyechen.,1,road accident,1,[]
Ramgarh road e night coach er open door hit kore 1 jon mara gechen ar 3 jon injured.,1,road accident,1,[]
রাঙামাটিতে কালবৈশাখীর ভয়াবহ রূপে জেলা কারাগারের সামনে একটি বিশাল গাছ ধসে পড়েছে।,1,natural disaster,1,['রাঙামাটিতে']
কালবৈশাখী ঝড়ে রাঙামাটি জেলা কারাগারের সামনে বড় গাছ উপড়ে পড়ে গেছে।,1,natural disaster,1,['রাঙামাটি']
রাঙামাটিতে ভয়াবহ ঝড়ের কারণে কারাগারের সামনের গাছ ভেঙে পড়েছে।,1,natural disaster,1,['রাঙামাটিতে']
প্রবল কালবৈশাখীর তাণ্ডবে জেলা কারাগারের সামনে গাছ ধসে পড়ে যান চলাচলে বিঘ্ন ঘটে।,1,natural disaster,1,[]
Rangamati te kalboishakhir bhoyaboh rupe jela karagarer samne bishal gach dhose poreche.,1,natural disaster,1,[]
Rangamati te severe Kalboishakhi storm e jail er samne huge tree pore geche.,1,natural disaster,1,[]
রামগড়ে সেনাবাহিনীর অভিযানে ইউপিডিএফের তিন সদস্যকে আটক করা হয়েছে।,1,crime,1,[]
খাগড়াছড়ির রামগড়ে অভিযান চালিয়ে একটি একে-২২ রাইফেলসহ তিনজনকে গ্রেপ্তার করেছে সেনাবাহিনী।,1,crime,0,[]
সেনাবাহিনীর অভিযানে রামগড় এলাকায় অস্ত্রসহ তিন সন্ত্রাসী আটক হওয়ার খবর পাওয়া গেছে।,1,crime,1,[]
Khagrachharir Ramgore senabahinir obhijane 3 shontrashi atk ebong AK-22 rifle uddhar kora hoyeche.,1,crime,0,[]
Ramgor e army operation e 3 shontrashi arrested ebong AK-22 rifle recover kora hoyeche.,1,crime,0,[]
নাইক্ষ্যংছড়িতে অস্ত্রধারী সন্ত্রাসীদের বিরুদ্ধে এক কৃষককে অপহরণের অভিযোগ উঠেছে।,1,crime,1,"['নাই', 'কষ', 'ডি']"
নাইক্ষ্যংছড়িতে সশস্ত্র দুর্বৃত্তদের হাতে এক কৃষক অপহৃত হয়েছেন বলে অভিযোগ পাওয়া গেছে।,1,crime,1,"['নাই', 'কষ', 'ডি']"
অস্ত্রধারী সন্ত্রাসীরা এক কৃষককে তুলে নিয়ে গেছে বলে অভিযোগ স্থানীয়দের।,1,crime,1,[]
নাইক্ষ্যংছড়িতে কৃষক অপহরণের ঘটনায় এলাকায় আতঙ্ক বিরাজ করছে।,1,crime,1,"['নাই', 'কষ', 'ডি']"
Naikhyongchhari te ostrodhari shontrashira ek krishok ke ophoron koreche bole obhijog utheche.,1,crime,1,[]
Naikhyongchhari te armed group er biruddhe ek farmer kidnapping er obhijog utheche.,1,crime,1,[]
রাঙামাটিতে গোসল করতে নেমে ৭/৮ বছরের এক ছেলে পানিতে ডুবে যায়। পরে তাকে উদ্ধার করে রাঙামাটি সদর হাসপাতালে নেওয়া হয়েছে।,1,waterway,1,"['রাঙামাটিতে', 'রাঙামাটি']"
রাঙামাটিতে পানিতে ডুবে এক শিশুকে গুরুতর অবস্থায় সদর হাসপাতালে ভর্তি করা হয়েছে।,1,waterway,1,['রাঙামাটিতে']
"গোসল করতে নেমে পানিতে তলিয়ে যায় এক শিশু, পরে স্থানীয়রা তাকে উদ্ধার করেন।",1,waterway,1,[]
রাঙামাটিতে ডুবে যাওয়া শিশুকে প্রায় ২৫ মিনিট পর উদ্ধার করা হয়েছে।,1,waterway,1,['রাঙামাটিতে']
"Rangamati te gosol korte neme ek chhele panite dube geche, pore hospital e neya hoyeche.",1,waterway,1,[]
"Rangamati te bathing korte neme ek child panite dube jay, pore hospital e neya hoyeche.",1,waterway,1,[]
রেইছা এলাকায় আমবাহী গাড়ি দুর্ঘটনায় চারজন আহত হয়েছেন।,1,road accident,1,[]
বান্দরবান-রেইছা সড়কে গাড়ি উল্টে কয়েকজন যাত্রী গুরুতর আহত হয়েছেন।,1,road accident,1,"['বান', 'দর']"
আম পরিবহনকারী গাড়ি উল্টে রেইছায় আহত হয়েছেন চার ব্যক্তি।,1,road accident,1,[]
Bandarban theke jawar shomoy Reicha te amer gari ulte 4 jon gurutor ahoto hoyechen.,1,road accident,1,[]
Reicha area te mango truck overturn kore 4 jon seriously injured hoyechen.,1,road accident,1,[]
বাঘমারা বাজারে ভয়াবহ অগ্নিকাণ্ডে বহু দোকান ও ঘরবাড়ি পুড়ে গেছে।,1,natural disaster,1,[]
বান্দরবানে আগুনের ঘটনায় ৫০টি দোকান ও বসতঘর ক্ষতিগ্রস্ত হয়েছে।,1,natural disaster,1,"['বান', 'দর']"
বাঘমারা বাজারের ভয়াবহ আগুনে ব্যবসায়ীদের ব্যাপক ক্ষয়ক্ষতি হয়েছে।,1,natural disaster,1,[]
Bandarbaner Baghmara bazare agune 50ti dokan o bostoghor pure geche.,1,natural disaster,1,[]
Baghmara bazar e huge fire incident e 50 ta shop ar house damage hoyeche.,1,natural disaster,1,[]
মাটিরাঙ্গায় সংঘবদ্ধ ধর্ষণের অভিযোগে দুইজনকে গ্রেপ্তার করেছে পুলিশ।,1,crime,1,"['মাটির', 'গা']"
খাগড়াছড়ির মাটিরাঙ্গায় ধর্ষণ মামলায় দুই যুবক আটক হলেও আরও দুইজন পলাতক রয়েছে।,1,crime,1,"['মাটির', 'গা']"
সংঘবদ্ধ ধর্ষণের ঘটনায় মাটিরাঙ্গা এলাকায় অভিযান চালিয়ে দুইজনকে আটক করা হয়েছে।,1,crime,1,"['মাটির', 'গা']"
Khagrachharir Matirangay songhoboddho dhorshoner ghotonay dui jubok atk hoyeche.,1,crime,1,[]
"Matiranga te gang rape case e 2 jon arrested, aro 2 jon absconding ache.",1,crime,1,[]
মানিকছড়িতে পিকআপ ও শান্তি এক্সপ্রেস বাসের সংঘর্ষে কয়েকজন যাত্রী আহত হয়েছেন।,1,road accident,1,"['মানিক', 'ডি']"
খাগড়াছড়ি-চট্টগ্রাম সড়কে ভয়াবহ দুর্ঘটনায় পিকআপ চালক গুরুতর আহত হয়েছেন।,1,road accident,1,[]
তিনট্যহরী গুচ্ছগ্রাম এলাকায় বাস ও পিকআপের মুখোমুখি সংঘর্ষে হতাহতের ঘটনা ঘটেছে।,1,road accident,1,[]
Manikchari te pickup o Shanti Express er mukhomukhi songhorshe onekei ahoto hoyechen.,1,road accident,1,[]
Khagrachhari-Chattogram highway te pickup ar Shanti Express collision e several passenger injured hoyechen.,1,road accident,1,[]
আমতলী এলাকায় ঝড়ের সময় আহত হয়েছে এক কিশোর।,1,natural disaster,1,[]
রাঙামাটিতে বৈরী আবহাওয়ার মধ্যে ঝড়ে এক কিশোর আহত হওয়ার খবর পাওয়া গেছে।,1,natural disaster,1,['রাঙামাটিতে']
ঝড়ের আঘাতে আমতলীতে এক কিশোর গুরুতর আহত হয়েছে।,1,natural disaster,1,[]
Rangamatir Amtolite jhorer kobole pore ek kishor ahoto hoyeche.,1,natural disaster,1,[]
Amtoli area te storm er karone ek teenager injured hoyeche.,1,natural disaster,1,[]
"রাঙামাটিতে ঝড়ে আমগাছ চাপা পড়ে এক কিশোর আহত হয়েছে, তাকে চট্টগ্রামে রেফার করা হয়েছে।",1,natural disaster,1,['রাঙামাটিতে']
রাঙামাটিতে ঝড়ে গাছের নিচে চাপা পড়ে গুরুতর আহত হয়েছে এক কিশোর।,1,natural disaster,1,['রাঙামাটিতে']
"Rangamati te jhore amgach chapa pore ek kishor ahoto hoyeche, Chattogram e refer kora hoyeche.",1,natural disaster,1,[]
Rangamati te storm e mango tree chapa pore ek teenager injured hoye Chattogram e refer hoyeche.,1,natural disaster,1,[]
সাজেকে বজ্রপাতের ঘটনায় তিন মাস বয়সী শিশুসহ কয়েকজন হতাহত হয়েছেন।,1,natural disaster,1,['সাজেক']
রাঙামাটির সাজেক এলাকায় বজ্রপাতে এক শিশুর প্রাণহানি ও পাঁচজন আহত হওয়ার খবর পাওয়া গেছে।,1,natural disaster,1,"['রাঙামাটির', 'সাজেক']"
"বজ্রপাতের ঘটনায় সাজেকে শোকের ছায়া নেমে এসেছে, আহত হয়েছেন আরও পাঁচজন।",1,natural disaster,1,['সাজেক']
"Sajek e bojropate 3 mash boyoshi ek shishur mrityu hoyeche, ahoto 5.",1,natural disaster,1,[]
"Sajek e lightning strike e 3 month boyoshi baby mara geche, aro 5 jon injured.",1,natural disaster,1,[]
আজ কাঠালতলী রাঙামাটি সড়কের বাইক দুর্ঘটনার সিসিটিভি ফুটেজ প্রকাশ পেয়েছে।,1,road accident,1,['রাঙামাটি']
কাঠালতলী সড়কে মোটরসাইকেল দুর্ঘটনার ভিডিও সামাজিক মাধ্যমে ছড়িয়ে পড়েছে।,1,road accident,1,[]
রাঙামাটির কাঠালতলী এলাকায় বাইক দুর্ঘটনার সিসিটিভি ফুটেজ সামনে এসেছে।,1,road accident,1,['রাঙামাটির']
সড়ক দুর্ঘটনার মুহূর্তের ভিডিও দেখে আতঙ্কিত স্থানীয়রা।,1,road accident,1,[]
Kathaltoli Rangamati soroke bike durghotonar CCTV footage prokash peyechhe.,1,road accident,1,[]
Kathaltoli road e bike accident er CCTV footage viral hoyeche.,1,road accident,1,[]
দীঘীনালায় মাইনি নদী থেকে ৭ বছরের শিশু সুগেন চাকমার মরদেহ উদ্ধার করেছে রাঙামাটি ডুবুরি ইউনিট।,1,waterway,1,['রাঙামাটি']
মাইনি নদী থেকে নিখোঁজ শিশুর মরদেহ উদ্ধার করেছে ডুবুরি দল।,1,waterway,1,[]
দীঘীনালায় নদীতে ডুবে যাওয়া শিশু সুগেন চাকমার মরদেহ পাওয়া গেছে।,1,waterway,1,[]
রাঙামাটি ডুবুরি ইউনিট অভিযান চালিয়ে শিশুটির মরদেহ উদ্ধার করেছে।,1,waterway,1,['রাঙামাটি']
Dighinalay Maini nodi theke 7 bochorer shishu Sugen Chakmar mordeh uddhar kora hoyeche.,1,waterway,1,[]
Dighinala te Maini river theke 7 bochorer child er dead body recover koreche diver unit.,1,waterway,1,[]
পানছড়িতে বজ্রপাতের ঘটনায় এক স্কুলছাত্রীর মৃত্যু হয়েছে।,1,natural disaster,1,"['পান', 'ডি']"
পানছড়ি এলাকায় বজ্রপাতে পরিবারে নেমে এসেছে শোক।,1,natural disaster,1,"['পান', 'ডি']"
"Panchhari te bojropate ponchom shrenir ek chatrir mrityu hoyeche, ahoto pita.",1,natural disaster,1,[]
"Panchhari te lightning strike e class five er ek student mara geche, tar baba injured.",1,natural disaster,1,[]
রাঙামাটি সদরে কালবৈশাখী ঝড়ের তাণ্ডবে নিমগাছ উপড়ে বসতবাড়ি ও বিদ্যুৎ লাইন ক্ষতিগ্রস্ত হয়েছে।,1,natural disaster,1,['রাঙামাটি']
কালবৈশাখী ঝড়ে রাঙামাটি সদরের বিভিন্ন এলাকায় ব্যাপক ক্ষয়ক্ষতি হয়েছে।,1,natural disaster,1,['রাঙামাটি']
রাঙামাটি সদরে ঝড়ের তাণ্ডবে বিদ্যুৎ লাইন বিচ্ছিন্ন হয়ে পড়েছে।,1,natural disaster,1,['রাঙামাটি']
Rangamati sodore kalboishakhi jhore nim gach upore bari o bidyut line khotigrasto hoyeche.,1,natural disaster,1,[]
Rangamati sadar e storm e tree pore house ar electric line damage hoyeche.,1,natural disaster,1,[]
কর্ণফুলী নদীতে গোসল করতে নেমে এক শিশুর মর্মান্তিক মৃত্যু হয়েছে।,1,waterway,1,[]
কাপ্তাইয়ে নদীতে ডুবে নাতির মৃত্যুতে পরিবারে শোকের ছায়া নেমে এসেছে।,1,waterway,1,"['কাপ', 'তাই']"
Kaptai Karnaphuli nodite dadar sathe gosol korte giye natir mrityu hoyeche.,1,waterway,1,[]
Kaptai Karnaphuli river e dada er sathe bathing korte giye grandson mara geche.,1,waterway,1,[]
রাঙামাটির কাপ্তাইয়ের জীবতলী রোডটি বিপদজনক আঁকাবাঁকা পথ ও বন্য হাতির চলাচল এলাকার জন্য পরিচিত।,0,normal,0,"['রাঙামাটির', 'কাপ', 'তাই']"
"Bipodjonok akabaka rasta ebong bonno hatir zone, Jibatoli Road, Kaptai, Rangamati.",0,normal,0,[]
Kaptai er Jibatoli Road e dangerous winding road ebong wild elephant zone royeche.,0,normal,0,[]
কাপ্তাইয়ের জীবতলী সড়কে আঁকাবাঁকা পথ ও বন্য হাতির উপস্থিতির কারণে চলাচলে সতর্কতা প্রয়োজন।,0,normal,0,"['কাপ', 'তাই']"
বাংলাদেশের পার্বত্য এলাকায় বিলুপ্তপ্রায় চিতাবাঘের উপস্থিতির প্রমাণ মিলেছে।,0,normal,0,[]
Obosheshe Bangladesher parbotto oncholer biluptopray chitabagher ostittwer proman pawa geche.,0,normal,0,[]
Bangladesher hill area te endangered leopard er existence er proof pawa geche.,0,normal,0,[]
পার্বত্য অঞ্চলে চিতাবাঘের অস্তিত্বের নতুন প্রমাণ গবেষক ও বনপ্রেমীদের মধ্যে আশার সঞ্চার করেছে।,0,normal,0,[]
"বাংলা নববর্ষ ১৪৩৩ উপলক্ষে রাঙামাটির ভেদভেদী জেলা সরকারি গণগ্রন্থাগারে কুইজ, রচনা ও চিত্রাঙ্কন প্রতিযোগিতার আয়োজন করা হয়েছে।",0,normal,0,['রাঙামাটির']
"Bangla Noboborsho 1433 uplokkhe Rangamatir Bhedbhedi jela sorkari gonogronthagare quiz, rochona o chitroankon protijogita onusthito hobe.",0,normal,0,[]
"Bangla Noboborsho uplokkhe Rangamati te quiz, essay writing ebong drawing competition ayojon kora hoyeche.",0,normal,0,[]
রাঙামাটির জেলা সরকারি গণগ্রন্থাগারে নববর্ষ উপলক্ষে বিভিন্ন প্রতিযোগিতায় অংশ নিতে আগ্রহীদের আহ্বান জানানো হয়েছে।,0,normal,0,['রাঙামাটির']
রাঙামাটিতে উৎসবমুখর পরিবেশে মারমা সম্প্রদায়ের ঐতিহ্যবাহী সাংগ্রাই জলোৎসব উদযাপিত হয়েছে।,0,normal,0,['রাঙামাটিতে']
"Rangamatir pahar, nodi ar prokritir majhe udjapito holo praner utsob Sangrai Jolutsob.",0,normal,0,[]
Rangamati te traditional Sangrai Water Festival anondo o harmonyr moddhe udjapito hoyeche.,0,normal,0,[]
মারমা সম্প্রদায়ের সাংগ্রাই জলোৎসব নতুন বছরকে স্বাগত জানানোর এক অনন্য সাংস্কৃতিক আয়োজন।,0,normal,0,[]
পার্বত্য সংস্কৃতি রক্ষায় সবাইকে একসঙ্গে কাজ করার আহ্বান জানিয়েছেন তথ্যমন্ত্রী।,0,normal,0,[]
"Parbotto songskriti desher shompod, songrokkhone shommilito uddoger ahban janiechen tothomontree.",0,normal,0,[]
"Hill culture desher valuable asset, er preservation e collective initiative er ahban janiechen tothomontree.",0,normal,0,[]
দেশের ঐতিহ্যের অংশ হিসেবে পার্বত্য সংস্কৃতি সংরক্ষণে সমন্বিত পদক্ষেপ নেওয়ার ওপর গুরুত্বারোপ করেছেন তথ্যমন্ত্রী।,0,normal,0,[]
কাপ্তাই হ্রদে ফুল ভাসানোর মাধ্যমে পাহাড়ের বৃহৎ উৎসবের সূচনা হয়েছে।,0,normal,0,"['কাপ', 'তাই', 'হর', 'দে']"
Kaptai hrod er jole ful bhasiye paharer shobcheye boro utsob shuru holo.,0,normal,0,[]
Kaptai Lake e flower bhasiye paharer biggest festival start holo.,0,normal,0,[]
কাপ্তাই হ্রদের শান্ত জলে ফুল ভাসিয়ে পাহাড়ি উৎসবের আনুষ্ঠানিক সূচনা করা হয়।,0,normal,0,"['কাপ', 'তাই', 'হর', 'দের']"
"রাঙামাটি এখন উৎসবের আমেজে ভরপুর। পাহাড়জুড়ে বিজু, সাংগ্রাইসহ নানা ঐতিহ্যবাহী উৎসব উদযাপিত হচ্ছে এবং ছয় দিনের মেলা ও সাংস্কৃতিক অনুষ্ঠান আয়োজন করা হয়েছে।",0,normal,0,['রাঙামাটি']
"Rangamati ekhon utsober rong e rangiye ache. Pahar jure Biju, Sangrai, Boishuk, Bihu, Changkran, Changlan o Pata utsob cholche.",0,normal,0,[]
"Rangamati now full of festival vibes. Pahar jure traditional Biju, Sangrai, Boishuk, Bihu etc. celebration cholche with 6-day fair and cultural program.",0,normal,0,[]
"উৎসবের আবহে রাঙামাটি এখন এক বিশাল মিলনমেলায় পরিণত হয়েছে, যেখানে পাহাড়জুড়ে চলছে বিভিন্ন ঐতিহ্যবাহী বর্ষবরণ উৎসব।",0,normal,0,['রাঙামাটি']
"রাঙামাটির কাপ্তাই লেক শুধু জলাধার নয়, এটি পাহাড়, নীল জল আর সবুজে ঘেরা এক অপূর্ব প্রাকৃতিক সৌন্দর্য।",0,normal,0,"['রাঙামাটির', 'কাপ', 'তাই']"
"Bangladesher parboto jonopod Rangamatir gorbo Kaptai Lake. Eta shudhu joladhar na, eta prokritir ek opurbo bishshoy.",0,normal,0,[]
"Rangamati er Kaptai Lake is not just a reservoir, it’s a natural wonder with hills, blue water and greenery.",0,normal,0,[]
"কাপ্তাই লেক তার নীল জলরাশি, পাহাড়ি পরিবেশ ও সবুজ সৌন্দর্যে রাঙামাটিকে দিয়েছে এক স্বর্গীয় রূপ।",0,normal,0,"['কাপ', 'তাই', 'রাঙামাটি']"
"রাঙামাটি পাহাড়, নদী, কাপ্তাই হ্রদ, ঝুলন্ত সেতু ও আদিবাসী সংস্কৃতির জন্য বিখ্যাত একটি পর্যটন নগরী, যেখানে প্রকৃতির নানা উপাদানের অপূর্ব সমন্বয় রয়েছে।",0,normal,0,"['রাঙামাটি', 'কাপ', 'তাই', 'হর']"
"Pahar ar nodite ghera amader ei prokritik shundorjyo Rangamati. Eta Kaptai Lake, Sajek Valley, Jhulto Setu ebong adibasi shongskritir jonno famous.",0,normal,0,[]
"Rangamati is famous for its natural beauty, Kaptai Lake, hanging bridge, Sajek Valley and indigenous culture.",0,normal,0,[]
প্রকৃতি ও সংস্কৃতির অপূর্ব মিলনে রাঙামাটি বাংলাদেশের অন্যতম আকর্ষণীয় পর্যটন অঞ্চল হিসেবে পরিচিত।,0,normal,0,['রাঙামাটি']
"কাপ্তাই লেক পার্বত্য চট্টগ্রামের একটি বিখ্যাত প্রাকৃতিক স্থান, যা সবুজ পাহাড় ও নীল জলরাশির কারণে পর্যটকদের কাছে অত্যন্ত জনপ্রিয়।",0,normal,0,"['কাপ', 'তাই']"
Kaptai Lake Bangladesher prokritik shundorjer ek ononno nidorshon. Eta parbotto chottogram er hridoye obosthito.,0,normal,0,[]
"Kaptai Lake is one of the most beautiful tourist spots in Bangladesh, with green hills and blue water.",0,normal,0,[]
প্রকৃতির নীরব সৌন্দর্যে ঘেরা কাপ্তাই লেক বাংলাদেশের অন্যতম জনপ্রিয় পর্যটন গন্তব্য হিসেবে বিবেচিত।,0,normal,0,"['কাপ', 'তাই']"
"বিজু, সাংগ্রাইসহ পার্বত্য চট্টগ্রামের ঐতিহ্যবাহী উৎসব ও বাংলা নববর্ষ ১৪৩৩ উদযাপন উপলক্ষে ঢাকায় বর্ণাঢ্য আয়োজন করেছে মন্ত্রণালয়।",0,normal,0,[]
"Parbotto Chattogram er itihashbahi social utsob Biju, Sangrai, Baisu, Bishu, Changkran o Changlan 2026 ebong Bangla Noboborsho 1433 udjapon upolokkhe Dhakay bornadhyo ayojon kora hoyeche.",0,normal,0,[]
"Parbatto Chattogram er traditional festivals Biju, Sangrai etc. ebong Bangla New Year 1433 celebration er jonno Dhaka te grand arrangement kora hoyeche.",0,normal,0,[]
ঢাকায় পার্বত্য চট্টগ্রামের ঐতিহ্যবাহী উৎসব ও নববর্ষ উদযাপনকে ঘিরে বর্ণাঢ্য সাংস্কৃতিক আয়োজন অনুষ্ঠিত হয়েছে।,0,normal,0,[]
"কাপ্তাই লেকের নীল জল, লেক পার্কের শান্ত পরিবেশ এবং আদিবাসী বাজারের সংস্কৃতি রাঙামাটিকে এক অনন্য পর্যটন অভিজ্ঞতায় পরিণত করেছে।",0,normal,0,"['কাপ', 'তাই', 'রাঙামাটি']"
"Kaptai Lake er neel jol e hariye jaowa muhurto, pase paharir sobuj e sajano Lake Park er shanti, ar adibashi market er rongin shongskriti—Rangamati ek ononno onubhuti.",0,normal,0,[]
"Kaptai Lake er blue water, Lake Park er peace full vibe ebong indigenous market er colorfull culture milay Rangamati ek unique experience.",0,normal,0,[]
"প্রকৃতি, শান্তি আর সংস্কৃতির অপূর্ব মিশেলে রাঙামাটি যেন এক জীবন্ত গল্পের নাম।",0,normal,0,['রাঙামাটি']
"রাঙামাটি ভ্রমণে গেলে ঐতিহ্য, সংস্কৃতি ও কাপ্তাই লেকের দ্বীপগুলোর সৌন্দর্য কাছ থেকে দেখা যায়, সাথে পাওয়া যায় স্থানীয় পাহাড়ি খাবার।",0,normal,0,"['রাঙামাটি', 'কাপ', 'তাই']"
Cholen Rangamati niye ektu research kori. Ekhane itihash o shongskriti ek kabyik onubhob.,0,normal,0,[]
"Let’s explore Rangamati. It’s full of culture and tradition, plus Kaptai Lake er islands and local bamboo chicken experience.",0,normal,0,[]
"রাঙামাটি ভ্রমণ মানেই ঐতিহ্য, প্রকৃতি ও স্থানীয় সংস্কৃতির এক অপূর্ব মিলন অভিজ্ঞতা।",0,normal,0,['রাঙামাটি']
বুদ্ধ পূর্ণিমা উপলক্ষে রাঙামাটিতে শোভাযাত্রা ও আলোচনা সভার আয়োজন করা হয়েছে।,0,normal,0,['রাঙামাটিতে']
Rangamatite Buddha Purnima upolokkhe mangolik shovajatra o alochaona shova onushthito hoyeche.,0,normal,0,[]
Rangamati te Buddha Purnima occasion e mangolic procession and discussion session hoyeche.,0,normal,0,[]
বুদ্ধ পূর্ণিমা উপলক্ষে রাঙামাটিতে ধর্মীয় ও সাংস্কৃতিক আয়োজন অনুষ্ঠিত হয়েছে।,0,normal,0,['রাঙামাটিতে']
রিসোর্ট স্থাপনের মাধ্যমে বম সম্প্রদায়ের জন্য নতুন কর্মসংস্থানের সুযোগ তৈরি করেছে সেনাবাহিনী।,0,normal,0,[]
Senabahinir uddoge resort sthaponer madhhome Bom shomprodayer notun kormoshongsthan toiri hoyeche.,0,normal,0,[]
Army initiative e resort setup er maddhome Bom community er jonno new job opportunity create hoyeche.,0,normal,0,[]
রিসোর্ট প্রকল্পের মাধ্যমে বম সম্প্রদায়ের মানুষের জন্য নতুন আয়ের পথ তৈরি হয়েছে।,0,normal,0,[]
"রাঙামাটি পাহাড়, হ্রদ ও স্থানীয় সংস্কৃতির কারণে বিখ্যাত একটি পর্যটন অঞ্চল, যেখানে প্রকৃতির অনন্য সৌন্দর্য একসাথে উপভোগ করা যায়।",0,normal,0,['রাঙামাটি']
"Rangamati er adwitiya shundorjo upobhog kora jay. Eta pahar, hrod ebong local shongskritir jonno famous.",0,normal,0,[]
"Rangamati er unique beauty enjoy kora jay. Hills, lake ebong local culture er jonno eta famous tourist spot.",0,normal,0,[]
"পাহাড়, হ্রদ আর সংস্কৃতির মিশেলে রাঙামাটি প্রকৃতিপ্রেমীদের জন্য এক অনন্য অভিজ্ঞতা।",0,normal,0,['রাঙামাটি']
সেনাবাহিনীর সহযোগিতায় ভূয়াছড়ি এলাকার দুর্গম পাহাড়ি জনপদের উন্নয়ন ঘটছে।,0,normal,0,"['সেনাবাহিনীর', 'সহ', 'যে', 'াগ', 'িতা', 'যা', 'ডি']"
Senabahinir shahajje durgom paharer jonopod Bhuyachhari er chitra palte jacche.,0,normal,0,[]
Army support e Bhuyachhari er remote hilly area er development change hocche.,0,normal,0,[]
সেনাবাহিনীর উদ্যোগে ভূয়াছড়ির দুর্গম পাহাড়ি অঞ্চলে উন্নয়নের নতুন চিত্র তৈরি হচ্ছে।,0,normal,0,[]
"রাঙামাটি পাহাড়, ঝরনা, নীল জলাধার এবং আদিবাসী সংস্কৃতির এক অসাধারণ সমন্বয়, যা পর্যটকদের জন্য এক স্বর্গীয় অভিজ্ঞতা তৈরি করে।",0,normal,0,['রাঙামাটি']
"Rangamati amader desher ek oshadharon shundorjer nidorshon. Pahar, jhorna ebong neel joladhar.",0,normal,0,[]
"Rangamati is a perfect mix of hills, waterfalls and culture. It feels like a paradise for tourists.",0,normal,0,[]
প্রকৃতির নীরব সৌন্দর্য ও সংস্কৃতির মিশেলে রাঙামাটি দেশের অন্যতম আকর্ষণীয় স্থান।,0,normal,0,['রাঙামাটি']
"পলওয়ে পার্ক রাঙামাটির কাপ্তাই লেকের পাশে অবস্থিত একটি জনপ্রিয় পর্যটনস্থান, যেখানে পাহাড়, লেক ও সবুজ প্রকৃতি দেখা যায়।",0,normal,0,"['রাঙামাটির', 'কাপ', 'তাই']"
Polowe Park Rangamati jela te obosthito ekti jonoprio porjoton kendro.,0,normal,0,[]
Polowe Park is a popular tourist spot in Rangamati near Kaptai Lake with hills and greenery.,0,normal,0,[]
কাপ্তাই লেকের তীরে অবস্থিত পলওয়ে পার্ক রাঙামাটির প্রাকৃতিক সৌন্দর্যের এক গুরুত্বপূর্ণ অংশ।,0,normal,0,"['কাপ', 'তাই', 'রাঙামাটির']"
জলকেলির উৎসবে পছন্দের মানুষকে বেছে নিতে আনন্দে মেতে উঠেছে মারমা তরুণ-তরুণীরা।,0,normal,0,[]
Pochonder manush beche nite jolkelite mate uthlo Marma torun-torunira.,0,normal,0,[]
Water festival e Marma youth ra their preferred partner choose korte celebrate korche.,0,normal,0,[]
জলকেলির আনন্দময় পরিবেশে মারমা তরুণ-তরুণীরা উৎসবের আবহে অংশ নেয়।,0,normal,0,[]
রাঙামাটির বিভিন্ন শিক্ষাপ্রতিষ্ঠানে সেনাবাহিনী শিক্ষা ও খেলাধুলার সামগ্রী বিতরণ করেছে।,0,normal,0,['রাঙামাটির']
Rangamatite shikkha protishthane senabahinir pokkho theke shikkha o kreera shamogri bitoron kora hoyeche.,0,normal,0,[]
Rangamati te schools e army er tara theke educational ebong sports equipment distribute kora hoyeche.,0,normal,0,[]
শিক্ষার্থীদের সহায়তায় রাঙামাটির বিভিন্ন প্রতিষ্ঠানে সেনাবাহিনী শিক্ষা ও ক্রীড়া সামগ্রী প্রদান করেছে।,0,normal,0,['রাঙামাটির']
খাগড়াছড়িতে মারমা সম্প্রদায়ের ঐতিহ্যবাহী দং ও আলারী খেলার আনুষ্ঠানিক উদ্বোধন করা হয়েছে।,0,normal,0,"['খাগ', 'ডা', 'ডি']"
"Khagrachharite Marma shomprodayer itihashbahi ""Dong"" o ""Alari"" khelar shubho udbodhon hoyeche.",0,normal,0,[]
"Khagrachhari te Marma community-r traditional ""Dong"" ebong ""Alari"" games er inauguration hoyeche.",0,normal,0,[]
"খাগড়াছড়িতে মারমা সম্প্রদায়ের ঐতিহ্যবাহী খেলাধুলার সূচনা অনুষ্ঠিত হয়েছে, যেখানে দং ও আলারী খেলা অন্তর্ভুক্ত।",0,normal,0,"['খাগ', 'ডা', 'ডি']"
"পাহাড়ি উৎসবে মন্ত্রী বলেন, সংস্কৃতি ধরে রাখলেই একটি জাতি প্রাণবন্ত থাকে।",0,normal,0,[]
"Itihashik paharer utsobe Parbotto Chattogram bishoyok montri bolechen, shongskriti laloner madhhomei ekta jati ujjobito thake.",0,normal,0,[]
"Historical hill festival e minister bolechen, culture preserve korlei ekta nation alive thake.",0,normal,0,[]
"মন্ত্রী মন্তব্য করেন, সংস্কৃতি চর্চা ও লালনের মাধ্যমেই জাতির পরিচয় ও প্রাণশক্তি টিকে থাকে।",0,normal,0,[]
রামগড়ে সেনাবাহিনীর অভিযানে ইউপিডিএফ (মূল)-এর তিনজন সদস্যকে আটক এবং একটি একে-২২ রাইফেল উদ্ধার করা হয়েছে।,0,normal,1,[]
Khagrachharir Ramgar e senabahinir obhijane shontrashi shongothon UPDF (mul) er 3 jon shontrashi aatok ebong AK-22 rifle uddhar kora hoyeche.,0,normal,0,[]
"Ramgarh, Khagrachhari te army operation e UPDF (main) er 3 terrorists arrest kora hoyeche and AK-22 rifle recover kora hoyeche.",0,normal,0,[]
সেনাবাহিনীর অভিযানে রামগড়ে একটি সশস্ত্র গোষ্ঠীর তিন সদস্য আটক এবং অস্ত্র উদ্ধার করা হয়েছে বলে জানা গেছে।,0,normal,1,[]
বান্দরবানের মেঘলার শান্ত পাহাড়ি পরিবেশ ও প্রকৃতির সৌন্দর্য মনকে প্রশান্ত করে তোলে।,0,normal,0,"['বান', 'দর', 'বানের', 'মেঘলা']"
Meghlar paharer nirabotay prokritir rong jeno monke shanto kore dey. Bandarban manei onnorokom valo laga.,0,normal,0,[]
"Meghla, Bandarban er hill silent vibe and nature er color mon ke peaceful feel dey.",0,normal,0,[]
মেঘলার শান্ত পাহাড়ি পরিবেশ আর প্রকৃতির রঙে বান্দরবান এক অনন্য মানসিক প্রশান্তির জায়গা হয়ে ওঠে।,0,normal,0,"['মেঘলা', 'বান', 'দর']"
আলীকদমে বিজিবির আয়োজিত ফ্রি চিকিৎসা ক্যাম্পে শতাধিক রোগী চিকিৎসাসেবা গ্রহণ করেন।,0,normal,0,['আলীকদম']
Alikdome BGB-r free medical camp e shotadhik manush chikitsha peyechhen.,0,normal,0,[]
Alikdam e BGB er free medical camp e 100+ people treatment peyechhe.,0,normal,0,[]
আলীকদমে বিজিবির বিনামূল্যের চিকিৎসা ক্যাম্পে স্থানীয় শতাধিক মানুষ সেবা গ্রহণ করেছেন।,0,normal,0,['আলীকদম']
পাহাড়ি অঞ্চলে জীবনমান উন্নয়নে অবকাঠামো উন্নয়নে সেনাবাহিনী গুরুত্বপূর্ণ ভূমিকা রাখছে।,0,normal,0,[]
Pahare jibonman unnoyone obokathamo unnoyon kajkormo e egie senabahini.,0,normal,0,[]
Hill area te living standard improve korte infrastructure development e army leading role e ache.,0,normal,0,[]
দুর্গম পাহাড়ি এলাকায় উন্নয়ন কর্মকাণ্ডে সেনাবাহিনীর ভূমিকা উল্লেখযোগ্যভাবে বৃদ্ধি পেয়েছে।,0,normal,0,[]
পরিবারসহ ছুটির দিন উপভোগ করতে বগালেক ও কেওক্রাডং ভ্রমণের আমন্ত্রণ জানানো হচ্ছে।,0,normal,0,"['বগা', 'লেক']"
Chutir din ta shundorvabe katanor jonno poribar porijon niye amader sathe Boga Lake o Keokradong cholun.,0,normal,0,[]
Weekend e family niye Boga Lake & Keokradong trip e chole asun.,0,normal,0,[]
ছুটির দিনকে স্মরণীয় করতে পরিবারসহ বগালেক ও কেওক্রাডং ভ্রমণের আহ্বান জানানো হচ্ছে।,0,normal,0,"['পরিবারসহ', 'বগা', 'লেক']"
আলীকদমের মুরুং পাড়ায় নতুন বৌদ্ধ বিহার উদ্বোধনের মাধ্যমে সীমান্তবর্তী এলাকার মানুষের আশা ও বাস্তবতার গল্প উঠে এসেছে।,0,normal,0,['আলীকদম']
Alikdome Murong paray notun Buddhist bihor udbodhon: shimanborti jonopoder asha o bastobotar golpo.,0,normal,0,[]
"Alikdam er Murong para te new Buddhist vihara inauguration hoyeche, border area er hope-real life story.",0,normal,0,[]
সীমান্তবর্তী মুরুং পাড়ায় নতুন বৌদ্ধ বিহার উদ্বোধন স্থানীয় জনগণের আশা-আকাঙ্ক্ষার প্রতিফলন হিসেবে দেখা হচ্ছে।,0,normal,0,[]
আজ আলীকদমে সেনাপ্রধান ‘আর্মি হিল অ্যান্ড জঙ্গল ওয়ারফেয়ার স্কুল’ উদ্বোধন করেন।,0,normal,0,['আলীকদম']
Senaprodhan aaj Alikdome ‘Army Hill and Jungle Warfare School’ udbodhon korechen.,0,normal,0,[]
Today Alikdam e Chief of Army Staff ‘Army Hill & Jungle Warfare School’ inaugurate korechen.,0,normal,0,[]
"আলীকদমে সেনাপ্রধান একটি বিশেষ প্রশিক্ষণ স্কুল উদ্বোধন করেছেন, যা পাহাড় ও জঙ্গলভিত্তিক প্রশিক্ষণের জন্য ব্যবহৃত হবে।",0,normal,0,['আলীকদম']
লামায় নতুন টেকনিক্যাল ইনস্টিটিউট ও কলেজ চালুর উদ্যোগকে কেন্দ্র করে কারিগরি শিক্ষায় নতুন সম্ভাবনা তৈরি হয়েছে।,0,normal,0,['লামা']
Lamay karigori shikkhar notun digonto: “Lama Technical Institute and College” chalu-r uddyoge boro asha.,0,normal,0,[]
Lama te technical education er new opportunity create hocche “Lama Technical Institute & College” launch er madhhome.,0,normal,0,[]
লামায় কারিগরি শিক্ষার প্রসারে নতুন প্রতিষ্ঠান চালুর উদ্যোগ স্থানীয়দের মধ্যে নতুন আশার সঞ্চার করেছে।,0,normal,0,['লামা']
রাজার মাঠে জলকেলির মাধ্যমে পাহাড়ি জনপদে সম্প্রীতি ও নতুন আনন্দ ছড়িয়ে পড়ার কামনা করা হয়েছে।,0,normal,0,[]
"Jolkelir choyay katuk shokol kalima ar dukkho-voy, paharer jonopode choriye poruk sompriti.",0,normal,0,[]
"Rajor maath, Bandarban e water festival er madhhome harmony and new joy spread hok.",0,normal,0,[]
"জলকেলির উৎসবকে কেন্দ্র করে পাহাড়ি জনপদে শান্তি, সম্প্রীতি ও আনন্দ ছড়িয়ে পড়ার আশা প্রকাশ করা হয়েছে।",0,normal,0,[]
"রাঙামাটির সবুজ পাহাড় ও মেঘে ঢাকা পরিবেশ প্রকৃতির এক জীবন্ত চিত্রের মতো, যা মনকে বারবার আকর্ষণ করে।",0,normal,0,['রাঙামাটির']
Sobuje ghera pahar ar megher Rangamati—prokritir ek jibonto canvas.,0,normal,0,[]
Green hills and cloud covered Rangamati is like a living nature canvas. So peaceful vibe.,0,normal,0,[]
"মেঘ আর সবুজে ঘেরা রাঙামাটি যেন প্রকৃতির আঁকা এক জীবন্ত ছবি, যা বারবার মনকে টানে।",0,normal,0,['রাঙামাটি']
বান্দরবানে বিখ্যাত নাগা ঝালমুড়ি একবার হলেও স্বাদ নিয়ে দেখার মতো একটি ঝাল ও মজাদার খাবার।,0,normal,0,"['বান', 'দর']"
Agun jhal ar mojadar swader ek notun onubhuti! Bandarban e ese ekbar holeo try korun Naga jhalmuri.,0,normal,0,[]
Bandarban e famous Naga jhalmuri ekbar try korlei spicy and tasty experience paben.,0,normal,0,[]
বান্দরবানের নাগা ঝালমুড়ি তার ঝাল ও স্বাদের জন্য ভ্রমণকারীদের কাছে বিশেষ আকর্ষণীয়।,0,normal,0,"['বান', 'দর', 'বানের']"
"খাগড়াছড়ি এখন দেশের একটি জনপ্রিয় জেলা, যা পরিচ্ছন্ন পরিবেশ, পর্যটন কেন্দ্র ও আতিথেয়তার জন্য পরিচিত।",0,normal,0,"['খাগ', 'ডা', 'ডি']"
Itimoddhe saradesh e suporichito jela Khagrachhari. Porishkar porichchonnota o tourist spot er jonno famous.,0,normal,0,[]
"Khagrachhari ekhon nationwide popular district, cleanliness, tourist spots and hospitality er jonno famous.",0,normal,0,[]
"খাগড়াছড়ি তার প্রাকৃতিক সৌন্দর্য, পরিচ্ছন্ন পরিবেশ ও পর্যটন সুবিধার কারণে দেশের অন্যতম পরিচিত জেলা হিসেবে গড়ে উঠেছে।",0,normal,0,"['খাগ', 'ডা', 'ডি']"
"খাগড়াছড়ি পৌরসভা মাঠে বিজয় দিবস উপলক্ষে নাইট ক্রিকেট টুর্নামেন্ট আয়োজন করা হয়েছে, যেখানে নতুন নিয়মে খেলা পরিচালিত হবে।",0,normal,0,"['খাগ', 'ডা', 'ডি']"
Bijoy Dibosh Night Short Pitch Cricket Tournament e sobai amontrito. Khagrachhari Poursova mathe khela onusthito hobe.,0,normal,0,[]
Victory Day Night Cricket Tournament Khagrachhari municipality field e hobe. Every team will get 2 reviews and matches will be live streamed on Facebook.,0,normal,0,[]
"বিজয় দিবস উপলক্ষে খাগড়াছড়িতে নাইট ক্রিকেট টুর্নামেন্টের আয়োজন করা হয়েছে, যেখানে আধুনিক নিয়মে প্রতিযোগিতা পরিচালিত হবে।",0,normal,0,"['দিবস', 'উপল', 'কষ', 'খাগ', 'ডা', 'ডি']"
মানিকছড়িতে পর্যটকদের আকর্ষণ করতে নতুন পর্যটনকেন্দ্র ডিসি পার্ক চালু করা হয়েছে।,0,normal,0,"['মানিক', 'ডি']"
Porjoton nogori Khagrachhari-r Manikchhari upojelay notun tourist spot Manikchhari DC Park er shubho suchona hoyeche.,0,normal,0,[]
Manikchhari te tourists der jonno new attraction DC Park officially launched hoyeche.,0,normal,0,[]
মানিকছড়ি ডিসি পার্ক চালুর মাধ্যমে খাগড়াছড়ির পর্যটন খাতে নতুন মাত্রা যুক্ত হয়েছে।,0,normal,0,"['মানিক', 'ডি']"
খাগড়াছড়ির ঝর্নাগুলোর প্রাকৃতিক সৌন্দর্য পর্যটকদের বারবার আকর্ষণ করে।,0,normal,0,[]
Jhorna prokritir ek oporup srishti. Pahar beye neme asha panir dhara sobaike mugdho kore.,0,normal,0,[]
Khagrachhari-r waterfalls are a beautiful natural attraction that impresses every visitor.,0,normal,0,[]
পাহাড়ি ঝর্নার মনোমুগ্ধকর সৌন্দর্য খাগড়াছড়িকে প্রকৃতিপ্রেমীদের কাছে বিশেষ আকর্ষণীয় করে তুলেছে।,0,normal,0,[]
বৈসাবি উৎসব উপলক্ষে খাগড়াছড়িতে শুরু হওয়া মেলায় স্থানীয় বাসিন্দা ও পর্যটকদের ব্যাপক উপস্থিতি লক্ষ্য করা গেছে।,0,normal,0,"['উৎসব', 'উপল', 'কষ', 'খাগ', 'ডা', 'ডি']"
"Khagrachharir New Zealand elakay Boisu, Sangrai, Biju o Boishabi utsob uplokkhe mela shuru hoyeche.",0,normal,0,[]
"Khagrachhari te Boishabi fair shuru hoyeche, where local people and tourists are visiting in large numbers.",0,normal,0,[]
বৈসাবি মেলাকে ঘিরে খাগড়াছড়িতে উৎসবমুখর পরিবেশ সৃষ্টি হয়েছে।,0,normal,0,"['কে', 'ঘিরে', 'খাগ', 'ডা', 'ডি']"
পাহাড়ি নারীরা জুম চাষ থেকে শুরু করে ফসল সংগ্রহ ও বাজারজাতকরণ পর্যন্ত নানা কাজে গুরুত্বপূর্ণ ভূমিকা পালন করেন।,0,normal,0,[]
Paharir narider shongrami jibon. Akabaka paharir poth mariye jum chash theke foshol utpadon o bikri porjonto kaj koren tara.,0,normal,0,[]
"Hill women are involved in jhum cultivation, crop management and selling products in local markets.",0,normal,0,[]
পাহাড়ি নারীরা কৃষিকাজ ও বাজার ব্যবস্থাপনায় সক্রিয় অংশগ্রহণের মাধ্যমে পরিবারের অর্থনীতিতে গুরুত্বপূর্ণ অবদান রাখছেন।,0,normal,0,[]
নিজস্ব সংস্কৃতি ও ঐতিহ্যই আমাদের পরিচয়ের মূল ভিত্তি।,0,normal,0,[]
"Chini Hukumu, Chini Sinimung. Amader shongskriti, amader porichoy!",0,normal,0,[]
"Chini Hukumu, Chini Sinimung — Our culture, our identity.",0,normal,0,[]
সংস্কৃতি ও ঐতিহ্য সংরক্ষণই আমাদের স্বকীয় পরিচয়কে তুলে ধরে।,0,normal,0,[]
পাহাড়ি এলাকার এই গাছটি তার সৌন্দর্যের জন্য সবার দৃষ্টি আকর্ষণ করে।,0,normal,0,[]
Osombhob shundor ekti paharir gach.,0,normal,0,[]
This is an incredibly beautiful hill tree.,0,normal,0,[]
প্রাকৃতিক সৌন্দর্যে ভরপুর এই পাহাড়ি গাছটি পরিবেশকে আরও মনোরম করে তুলেছে।,0,normal,0,"['ভর', 'পর']"
গুইমারা বাজার পার্বত্য এলাকার বড় কলা বাণিজ্যকেন্দ্রগুলোর মধ্যে অন্যতম।,0,normal,0,"['ইম', 'ারা']"
Khagrachhari jelar Guimara Bazar parbotto oncholer onnotomo brihot kolar hat hisebe porichito.,0,normal,0,[]
Guimara Bazar is one of the largest banana markets in the hill districts.,0,normal,0,[]
কলা ব্যবসার জন্য গুইমারা বাজার পার্বত্য অঞ্চলে বিশেষ খ্যাতি অর্জন করেছে।,0,normal,0,"['ইম', 'ারা']"
মাইসছড়ির ম্যাজিস্ট্রেট পাড়াকে পরিকল্পিতভাবে উন্নয়ন করলে এটি খাগড়াছড়ির নতুন পর্যটন আকর্ষণ হতে পারে।,0,normal,0,[]
"Khagrachhari jelar notun tourist spot hote pare ei Magistrate Para, Maischhari.",0,normal,0,[]
"Magistrate Para, Maischhari could become a new tourist attraction if properly developed and promoted.",0,normal,0,[]
যথাযথ উন্নয়ন ও প্রচারণার মাধ্যমে মাইসছড়ির এই এলাকাকে জনপ্রিয় পর্যটনকেন্দ্রে রূপান্তর করা সম্ভব।,0,normal,0,[]
খাগড়াছড়ি সদরের ‘স্বর্গের সিঁড়ি’ দেখতে পর্যটকদের পাহাড়ি পথ ও চেঙ্গী নদী অতিক্রম করে যেতে হয়।,0,normal,0,"['খাগ', 'ডা', 'ডি']"
Bangladesher Sworger Siri Khagrachhari sodore obosthito. Chengi nodi par hoye paharir poth mariye sekhane pouchhate hoy.,0,normal,0,[]
The “Stairway to Heaven” in Khagrachhari can be reached by trekking through hills and crossing the Chengi River.,0,normal,0,[]
দুর্গম পাহাড়ি পথ ও নদী পার হওয়ার পর খাগড়াছড়ির ‘স্বর্গের সিঁড়ি’ পর্যটকদের জন্য এক অনন্য অভিজ্ঞতা তৈরি করে।,0,normal,0,[]
"নববর্ষ উপলক্ষে খাগড়াছড়ির বাংলাদেশ কৃষি গবেষণা ইনস্টিটিউটের ক্যাম্পাস নতুন রূপে সজ্জিত হয়েছে, যা দর্শনার্থীদের জন্য আকর্ষণীয় হতে পারে।",0,normal,0,[]
"Paharri Krishi Gobeshona Kendra Khagrachhari, ekhon Bangladesh Krishi Gobeshona Institute Khagrachhari. Noboborsho uplokkhe puro campus notunvabe sejeche.",0,normal,0,[]
"Bangladesh Agricultural Research Institute, Khagrachhari campus New Year occasion e newly decorated hoyeche and could attract visitors.",0,normal,0,[]
খাগড়াছড়ির কৃষি গবেষণা ইনস্টিটিউটের নবসজ্জিত ক্যাম্পাস দর্শনার্থীদের জন্য নতুন আকর্ষণ হয়ে উঠতে পারে।,0,normal,0,[]
"মেরুং সাপ্তাহিক বাজারে বিভিন্ন সম্প্রদায়ের মানুষের মিলন ঘটে, যেখানে প্রয়োজনীয় পণ্য কেনাবেচা হয়।",0,normal,0,[]
"Bazar mane jeno milonmela. Aj Merung Bazar boseche, ekhane bibhinno shomprodayer manush ekotrito hon.",0,normal,0,[]
"Merung weekly market is a community gathering place where people buy vegetables, fruits and daily essentials.",0,normal,0,[]
"মেরুং বাজার শুধু কেনাবেচার স্থান নয়, এটি বিভিন্ন সম্প্রদায়ের মানুষের সামাজিক মিলনস্থল হিসেবেও পরিচিত।",0,normal,0,[]
পাহাড়ি দুর্গম এলাকাগুলোতে পর্যাপ্ত স্বাস্থ্যসেবা এখনও নিশ্চিত করা সম্ভব হয়নি।,0,normal,0,[]
Durgom paharri onchole bhalo chikitsa sebar obhab royeche.,0,normal,0,[]
Remote hill areas still face a shortage of quality healthcare services.,0,normal,0,[]
দুর্গম পাহাড়ি জনপদে উন্নত চিকিৎসাসেবা পৌঁছে দেওয়া এখনো একটি বড় চ্যালেঞ্জ।,0,normal,0,[]
সেনাবাহিনীর মানবিক উদ্যোগগুলো পাহাড়ি অঞ্চলে শান্তি ও সম্প্রীতি বৃদ্ধিতে ভূমিকা রাখুক—এমন প্রত্যাশা করা হয়েছে।,0,normal,0,[]
Bangladesh Senabahinir emon manobik kormojogge shantir subatas choriye poruk pahar theke pahare.,0,normal,0,[]
মানবিক কার্যক্রমের মাধ্যমে পাহাড়ি এলাকায় শান্তি ও সহযোগিতার পরিবেশ আরও জোরদার হোক।,0,normal,0,[]
সিন্দুকছড়ি ধীরে ধীরে পর্যটকদের নতুন ভ্রমণ গন্তব্য হিসেবে পরিচিতি পাচ্ছে।,0,normal,0,"['সিন', 'দক', 'ডি']"
Porjotokder notun akorshon Sindukchhari.,0,normal,0,[]
প্রাকৃতিক সৌন্দর্যের কারণে সিন্দুকছড়ি পর্যটকদের কাছে নতুন আকর্ষণীয় স্থান হয়ে উঠছে।,0,normal,0,"['[UNK]', 'কারণে', 'সিন', 'দক', 'ডি']"
বর্ষা মৌসুমে পাহাড়ি হাটবাজারে প্রচুর বাঁশ কোরল পাওয়া যায়।,0,normal,0,[]
Borsha manei paharri hatbazar gulo bash korole vorpur!,0,normal,0,[]
Borsha season manei paharri hatbazar gulo bamboo korol diye full thake.,0,normal,0,[]
বর্ষাকালে পাহাড়ি বাজারগুলোতে বাঁশ কোরলের ব্যাপক উপস্থিতি দেখা যায়।,0,normal,0,[]
পাহাড়ের মনোমুগ্ধকর সৌন্দর্যে নিজেকে হারিয়ে ফেলো এক অন্যমনস্ক মুহূর্তে।,0,normal,0,[]
Paharer shundorjye hariye jao anmone.,0,normal,0,[]
Paharer beauty te anmone hariye jao.,0,normal,0,[]
পাহাড়ের নীরব সৌন্দর্য মনকে এক অদ্ভুত প্রশান্তিতে ভরিয়ে তোলে।,0,normal,0,[]
"খাগড়াছড়িতে ত্রিপুরা জনগোষ্ঠীর বৈসু উৎসব উদযাপিত হয়েছে, যেখানে শোভাযাত্রা, নৃত্য ও ঐতিহ্যবাহী খাবার ছিল প্রধান আকর্ষণ।",0,normal,0,"['খাগ', 'ডা', 'ডি']"
Khagrachharite Buisu shovajatra hoyeche. Tripura jono-goshthir ei utsob chara din dhore palito hoy.,0,normal,0,[]
"Khagrachhari te Buisu festival celebration hoyeche with traditional dance, food and cultural parade.",0,normal,0,[]
বৈসু উৎসবকে ঘিরে খাগড়াছড়িতে ত্রিপুরা জনগোষ্ঠীর সংস্কৃতি ও ঐতিহ্য ফুটে উঠেছে।,0,normal,0,"['উৎসবকে', 'ঘিরে', 'খাগ', 'ডা', 'ডি']"
মারমা নারীরা পাহাড়ি জীবনে জুম চাষ ও গৃহস্থালির কাজের পাশাপাশি নিজস্ব সংস্কৃতি ও ঐতিহ্য ধরে রাখেন।,0,normal,0,[]
Paharer kole shanto shundorjye ghera jibonjapon koren Marma nari ra. Tader sokal shuru hoy jum chash theke.,0,normal,0,[]
"Marma women ra hill life e jhum cultivation, water collection and household work manage kore.",0,normal,0,[]
প্রকৃতি ও সংস্কৃতির মাঝে মারমা নারীদের জীবন সংগ্রাম ও গর্বে ভরা এক অনন্য বাস্তবতা প্রকাশ করে।,0,normal,0,[]
ঘোষণা থাকা সত্ত্বেও কাজ না হওয়ায় খাগড়াছড়ি সদর হাসপাতালের প্রবেশপথের বেহাল অবস্থা নিয়ে সমালোচনা উঠেছে।,0,normal,0,"['না', 'হও', 'যা', 'খাগ', 'ডা', 'ডি']"
Boraddo o tender er ghoshona thakleo bastobayoner obhabe Khagrachhari sadar hospital er probeshpoth behaal obosthay ache.,0,normal,0,[]
"Despite budget and tender announcement, Khagrachhari Sadar Hospital entrance road is still in bad condition.",0,normal,0,[]
সরকার পরিবর্তন হলেও পাহাড়ি এলাকার চিকিৎসা ব্যবস্থার বাস্তব চিত্র অপরিবর্তিত রয়ে গেছে।,0,normal,0,[]
"Sorkar bodlay, poster bodlay, kintu bodlay na shudhu paharer chikitsa byabosthar korun chitra.",0,normal,0,[]
"Government change hoy, posters change hoy, but hill area healthcare situation same thake.",0,normal,0,[]
রাজনৈতিক পরিবর্তন হলেও পাহাড়ের চিকিৎসা ব্যবস্থার উন্নয়ন এখনো প্রত্যাশিত পর্যায়ে পৌঁছায়নি।,0,normal,0,[]
"মাটিরাঙ্গার রিসাং ঝর্ণা আলুটিলার পাশে অবস্থিত এক মনোমুগ্ধকর প্রাকৃতিক সৌন্দর্য, যা পর্যটকদের মনকে প্রশান্ত করে।",0,normal,0,"['মাটির', 'গার', 'রিসা', 'ঝরণা', 'আল', 'টিলা']"
Prakritir ek opar mugdhotaa! Khagrachhari-r Matiranga upojelar Risang jhorna jeno sobuj paharer kole ek shitol dhara.,0,normal,0,[]
সবুজ পাহাড়ের মাঝে রিসাং ঝর্ণার শীতল প্রবাহ আলুটিলা অঞ্চলের প্রাকৃতিক সৌন্দর্যকে আরও মনোমুগ্ধকর করে তোলে।,0,normal,0,"['রিসা', 'ঝরণা', 'শীতল', 'পরব', 'াহ', 'আল', 'টিলা']"
"সাজেকে ভোরবেলা সূর্য ওঠার আগে পাহাড়ের ফাঁকে ফাঁকে মেঘ জমে থাকে, যা এক অনন্য দৃশ্য তৈরি করে।",0,normal,0,['সাজেক']
Sokale surjo othar age paharer bhaje bhaje megh jome thake—eta-i Sajek.,0,normal,0,[]
Morning e sun rise er age Sajek e hills er majhe majhe cloud jome thake.,0,normal,0,[]
ভোরের আলো ফোটার আগে সাজেকের পাহাড়গুলো মেঘে ঢাকা এক স্বপ্নিল দৃশ্য তৈরি করে।,0,normal,0,['সাজেকের']
পানছড়ির পুজগাং থেকে আজ পাহাড়ি এলাকার তাজা শাকসবজির ছবি তোলা হয়েছে।,0,normal,0,[]
Aaj Panchhari-r Pujgang theke tola paharri tatka shak-shobjir chobi.,0,normal,0,[]
Panchhari Pujgang theke today fresh hill vegetables er photo tola hoyeche.,0,normal,0,[]
পানছড়ির পুজগাং এলাকার পাহাড়ি শাকসবজি আজকের ছবিতে ফুটে উঠেছে।,0,normal,0,[]
"আলুটিলা থেকে খাগড়াছড়ি শহরের দৃশ্য, রহস্যময় গুহা ও ঝুলন্ত ব্রিজ মিলিয়ে এক অসাধারণ পর্যটন অভিজ্ঞতা তৈরি করে।",0,normal,0,"['আল', 'টিলা', 'থেকে', 'খাগ', 'ডা', 'ডি']"
Alutilar chura theke dekha Khagrachhari shohor jeno temoni shundor.,0,normal,0,[]
"Alutila top theke Khagrachhari city view, mysterious cave and hanging bridges—সব মিলিয়ে amazing experience.",0,normal,0,[]
আলুটিলার উচ্চতা থেকে দেখা খাগড়াছড়ি শহর ও আশপাশের প্রাকৃতিক ও স্থাপত্য সৌন্দর্য পর্যটকদের মুগ্ধ করে।,0,normal,0,"['আল', 'টিলা', 'থেকে', 'দেখা', 'খাগ', 'ডা', 'ডি']"
বৈসাবি উৎসব উপলক্ষে খাগড়াছড়িতে শুরু হওয়া মেলায় পাহাড়ি ও বাঙালিসহ পর্যটকদের ব্যাপক উপস্থিতি দেখা যাচ্ছে।,0,normal,0,"['উৎসব', 'উপল', 'কষ', 'খাগ', 'ডা', 'ডি']"
"Khagrachhari-r itihashbahi New Zealand elakay Boisu, Sangrai, Biju o Boishabi utsob uplokkhe mela shuru hoyeche.",0,normal,0,[]
"Khagrachhari te Boishabi mela started hoyeche—hill people, Bangali and tourists everyone enjoying the vibe.",0,normal,0,[]
বৈসাবি মেলা ঘিরে খাগড়াছড়ির পরিবেশ উৎসবমুখর হয়ে উঠেছে এবং পর্যটকদের ব্যাপক আগমন ঘটছে।,0,normal,0,[]
খাগড়াছড়ির স্বনির্ভর এলাকায় ঐতিহ্যবাহী বলিখেলার উৎসবমুখর আয়োজন চলছে।,0,normal,0,[]
Khagrachharir Swonirbor elakay jomjomot bolikhela cholche.,0,normal,0,[]
Swonirbor area te Khagrachhari te ekhon jomjomot Boli khelar event cholche.,0,normal,0,[]
ঐতিহ্যবাহী বলিখেলাকে ঘিরে খাগড়াছড়ির স্বনির্ভর এলাকা এখন উৎসবমুখর হয়ে উঠেছে।,0,normal,0,[]
"আগে পাহাড়ি এলাকায় মানুষের ঘরের সামনে মাটির পাত্রে পানি রাখা হতো, যাতে পথচারীরা সহজে পানি পান করতে পারে—এটি একটি মানবিক ঐতিহ্য ছিল।",0,normal,0,[]
"Ekta shomoy dur paharer ghore ghore matir harite pani rakha hoto, jate pothikra pani khete pare.",0,normal,0,[]
"Ager time e paharer house gulo te matir pot e water rakha thakto, so that travelers easily pani khete pare.",0,normal,0,[]
পাহাড়ি সমাজে পথচারীদের তৃষ্ণা নিবারণের জন্য ঘরের সামনে পানি রাখার এই প্রথা মানবিকতার প্রতীক হিসেবে দেখা হতো।,0,normal,0,[]
"হুত্তি হলো পাহাড়ি জনগোষ্ঠীর একটি ঐতিহ্যবাহী মাটির পাত্র, যা প্রাকৃতিকভাবে পানি ঠান্ডা রাখতে ব্যবহার করা হতো।",0,normal,0,[]
“Hutti” Chakma der matir toyri ekta natural fridge hisebe use kora hoy.,0,normal,0,[]
"“Hutti” basically Chakma der clay-made natural fridge type jinish, jeta water thanda rakhte use kora hoto.",0,normal,0,[]
"পাহাড়ি সংস্কৃতির এই হুত্তি শুধু চাকমা নয়, অন্যান্য জনগোষ্ঠীর মধ্যেও পানি সংরক্ষণের একটি ঐতিহ্যবাহী পদ্ধতি হিসেবে ব্যবহৃত হতো।",0,normal,0,[]
খাগড়াছড়ি টিটিসি নিয়ে বিতর্ক থাকলেও এটিকে অবমূল্যায়ন করা উচিত নয়।,0,normal,0,"['খাগ', 'ডা', 'ডি']"
Khagrachhari TTC niye emon negative kotha thik na.,0,normal,0,[]
Khagrachhari TTC niye ei type negative comment kora thik na.,0,normal,0,[]
প্রতিষ্ঠান সম্পর্কে সমালোচনার আগে বাস্তবতা ও কার্যক্রম যাচাই করা প্রয়োজন।,0,normal,0,[]
রাঙামাটির রাজারবাড়ি এলাকার ঐতিহাসিক স্থাপনা ও পুরনো গাছগুলো এখনো নদীর মাঝখানে বিদ্যমান রয়েছে।,0,normal,0,['রাঙামাটির']
Rangamatite itihashik Rajarbari o purono gachgulo ekhono nodir majhkhane ager moto roye geche.,0,normal,0,[]
Rangamati te Rajarbari ar old trees still river er majhkhane same vabe ache.,0,normal,0,[]
নদীর মাঝখানে রাঙামাটির রাজারবাড়ির সেই ঐতিহাসিক স্মৃতিচিহ্নগুলো আজও অতীতের সাক্ষী হয়ে দাঁড়িয়ে আছে।,0,normal,0,['রাঙামাটির']
প্রবল বৃষ্টির কারণে দূরছড়িতে গাছ পড়ে রাস্তা বন্ধ হয়ে গেলে যুব রেড ক্রিসেন্ট দ্রুত তা পরিষ্কার করে যান চলাচল স্বাভাবিক করে।,0,normal,0,"['ষট', 'ির', 'কারণে', 'দর', 'ডি']"
"Durchhari te gach pore road bondho hoye gechilo, pore Youth Red Crescent seta clear kore traffic normal kore dey.",0,normal,1,[]
"Heavy rain er por Durchhari te tree pore road block hoye gechilo, Youth Red Crescent quickly clear kore traffic normal kore dise.",0,normal,1,[]
বর্ষার কারণে বন্ধ হয়ে যাওয়া দূরছড়ির সড়ক যুব রেড ক্রিসেন্টের উদ্যোগে দ্রুত স্বাভাবিক করা হয়েছে।,0,normal,0,[]
বৃষ্টি আর পাহাড়ি পরিবেশে বনরূপার সৌন্দর্য এক রূপকথার মতো অনুভূতি দেয়।,0,normal,0,[]
Jhum brishti ar paharri amej e Banrupa jeno ek rupkothar shohor.,0,normal,0,[]
Jhum rain and hill vibe e Banrupa feels like a fairy tale city.,0,normal,0,[]
বৃষ্টি ভেজা পাহাড়ি পরিবেশে বনরূপার সৌন্দর্য আরও মুগ্ধকর হয়ে ওঠে।,0,normal,0,[]
দীর্ঘ তাপপ্রবাহের পর রাঙামাটিতে বৃষ্টি হওয়ায় মানুষের মধ্যে স্বস্তি ফিরে এসেছে।,0,normal,0,['রাঙামাটিতে']
"Brishtir dekha pelo Rangamati, tibro gorome jibon-e ektu shosti esheche.",0,normal,0,[]
Long heat er por Rangamati te rain ashar por people ektu relief peyechhe.,0,normal,0,[]
তীব্র গরমের পর বৃষ্টি নামায় রাঙামাটির জনজীবনে স্বস্তির ছোঁয়া এসেছে।,0,normal,0,['রাঙামাটির']
গরমের পর বৃষ্টি নামায় রাঙামাটির পরিবেশ ঠান্ডা ও স্বস্তিদায়ক হয়ে উঠেছে।,0,normal,0,['রাঙামাটির']
"Tibro goromer por shostir brishti, juralo pahar konyo Rangamati.",0,normal,0,[]
Hot weather er por rain ashe Rangamati just cool and refreshing hoye geche.,0,normal,0,[]
বৃষ্টির আগমনে পাহাড়কন্যা রাঙামাটি আবারও প্রাণ ফিরে পেয়েছে।,0,normal,0,['রাঙামাটি']
রাঙামাটির ট্রাফিক ব্যবস্থাকে আধুনিক করতে অনলাইন বাস টার্মিনাল ও সিএনজি ডাটাবেস চালু করা হয়েছে।,0,normal,0,['রাঙামাটির']
Rangamatite traffic byabosthay digital biplob: online bus terminal o CNG chalokder digital database udbodhon hoyeche.,0,normal,0,[]
Rangamati te traffic system e digital upgrade hoyeche—online bus terminal and CNG drivers database launch hoyeche.,0,normal,0,[]
ডিজিটাল প্রযুক্তির মাধ্যমে রাঙামাটির পরিবহন ব্যবস্থায় নতুন যুগের সূচনা হয়েছে।,0,normal,0,['রাঙামাটির']
রাঙামাটির স্বর্ণটিলা এলাকার প্রধান সড়কে অসংখ্য গর্ত থাকায় সাধারণ মানুষের চলাচলে ভোগান্তি দেখা দিয়েছে।,0,normal,0,"['রাঙামাটির', 'সব', 'ণটি', 'লা']"
"Rangamatir Swornotila pradhan road behaal, gotter vire jonovoganti hoyeche.",0,normal,0,[]
"Swarnotila main road e poth hole beshi, so people der daily travel e lot of problem hocche.",0,normal,0,[]
গর্তে ভরা স্বর্ণটিলা প্রধান সড়ক বর্তমানে স্থানীয়দের জন্য বড় ধরনের দুর্ভোগের কারণ হয়ে দাঁড়িয়েছে।,0,normal,0,"['ভরা', 'সব', 'ণটি', 'লা']"
রাতে পাহাড় নীরব হয়ে গেলে বনরূপা ও রিজার্ভ বাজারের পরিবেশ জাগরণী গানে ভরে ওঠে।,0,normal,0,"['রিজা', 'বাজারের']"
"Pahar jokhon ghume, Banrupa ar Reserve Bazar tokhon jagoroni gane mukhorito thake.",0,normal,0,[]
"Night e hills jakhon quiet, Banrupa ar Reserve bazar e jagoroni gaan chole.",0,normal,0,[]
পাহাড়ি শহরের রাতের নীরবতা ভেঙে বনরূপা ও রিজার্ভ বাজারে গান আর জীবনের স্পন্দন জেগে ওঠে।,0,normal,0,"['রিজা', 'বাজারে']"
খাবারের খোঁজে লোকালয়ে আসা একটি হরিণ কাপ্তাইয়ে কুকুরের আক্রমণে মারা গেছে।,0,normal,1,"['কাপ', 'তাই']"
Kaptai te lokaloye khabarer sondhane eshe kukurer kamore horin er mrittu hoyeche.,0,normal,0,[]
Kaptai te food search e asha ekta deer k stray dogs er attack e mara geche.,0,normal,1,[]
খাবারের সন্ধানে লোকালয়ে আসা হরিণটি কুকুরের আক্রমণে প্রাণ হারিয়েছে কাপ্তাইয়ে।,0,normal,0,"['কাপ', 'তাই']"
রাবিপ্রবির একাডেমিক ভবন-১ থেকে একটি গ্রিন ক্যাট সাপ উদ্ধার করা হয়েছে।,0,normal,0,[]
Rabiprobir academic bhaban-1 theke green cat (sobuj phonimonsha) shap uddhar kora hoyeche.,0,normal,0,[]
Rabiprobi academic building 1 theke green cat snake rescue kora hoyeche.,0,normal,0,[]
বিশ্ববিদ্যালয়ের একাডেমিক ভবন থেকে একটি বিষধর সাপ উদ্ধার করা হয়েছে।,0,normal,1,[]
"নীলগিরি ও নীলাচলের সৌন্দর্য, মেঘে ঢাকা পাহাড় এবং শান্ত পরিবেশ বান্দরবানকে এক স্বপ্নময় ভ্রমণ অভিজ্ঞতায় পরিণত করে।",0,normal,0,"['নীলগিরি', 'নীলাচল', 'বান', 'দর']"
"Nilgiri o Nilachal er shundorjyo, megher pahar ar shanto poribesh—sob mile Bandarban ek dream trip.",0,normal,0,[]
"Nilgiri & Nilachal er view just unbelievable, megh er pahar ar peaceful vibe—Bandarban trip was like a dream.",0,normal,0,[]
বন্ধুবান্ধবের সঙ্গে নীলগিরি ও নীলাচলে কাটানো সময় বান্দরবানকে এক স্মরণীয় ও স্বপ্নময় ভ্রমণ অভিজ্ঞতা করে তোলে।,0,normal,0,"['নীলগিরি', 'নীলাচল', 'বান', 'দর']"
ভিডিওটি দেখে ট্যুরের অভিজ্ঞতা খুব ভালো লেগেছে। জায়গাগুলো আগে কয়েকবার ঘুরে আসার স্মৃতি আবার মনে পড়ে গেছে এবং ভবিষ্যতে আবার যাওয়ার ইচ্ছা রয়েছে।,0,normal,0,[]
"Onek shundor ekta tour chilo bhai, video ta amar onek bhalo legeche. Ami o e jayga gulo te charbar gechi.",0,normal,0,[]
"Tour ta really bhalo chilo bhai, video dekhe onek enjoy korlam. Ami already 4 bar giyechi, again jawar plan ache.",0,normal,0,[]
"ভিডিওটি দেখে পুরনো ভ্রমণের স্মৃতি জেগে উঠেছে, আর ভবিষ্যতে আবার এসব জায়গায় যাওয়ার ইচ্ছা আরও বেড়ে গেছে।",0,normal,0,[]
"বান্দরবানের পাহাড়ি পরিবেশ উপভোগ করে ফিরে এসেছি, প্রকৃতির সৌন্দর্য মনকে শান্ত করে দিয়েছে।",0,normal,0,"['বান', 'দর', 'বানের']"
"Bandarban hill trip shesh kore ashlam, Alhamdulillah. Pahar ar prokritir shundorjyo mon vore dey.",0,normal,0,[]
"Bandarban hill trip kore ashlam, Alhamdulillah. Nature and hills literally mind fresh kore dise.",0,normal,0,[]
বান্দরবানের পাহাড়ি সৌন্দর্য উপভোগ করে ভ্রমণটি এক প্রশান্তিময় অভিজ্ঞতা হয়ে রইল।,0,normal,0,"['বান', 'দর', 'বানের']"
"দুই দশক আগে কেওক্রাডং ভ্রমণ করতে গিয়ে দীর্ঘ পথ, নৌকা ও পাহাড়ি রাস্তা পার হতে হয়েছিল।",0,normal,0,[]
"20 bochor age Keokradong pahar e gechilam, Bandarban theke 2.5 din legechilo, noukay o jete hoyechilo.",0,normal,0,[]
"20 years ago Keokradong jete Bandarban theke 2.5 days legechilo, boat & trekking kore jete hoyechilo.",0,normal,0,[]
"আগের দিনে কেওক্রাডং ভ্রমণ ছিল অনেক কষ্টসাধ্য, দীর্ঘ পথ ও নৌকা পারাপার মিলিয়ে এক রোমাঞ্চকর যাত্রা ছিল।",0,normal,0,[]
"এখন যোগাযোগ ব্যবস্থা ভালো হওয়ায় কেওক্রাডং সহজে যাওয়া যায়, তবে আগের দিনের হাইকিং অভিজ্ঞতাই ছিল সবচেয়ে রোমাঞ্চকর।",0,normal,0,['তাই']
"Rastaghat hoyeche, ekhon sobai Keokradong jete pare. Kintu golden time chilo jokhon amra hiking kore giyechilam.",0,normal,0,[]
"Ekhon road bhalo hoye geche, so Keokradong easy. But old hiking days were the real golden memory.",0,normal,0,[]
বর্তমান সুবিধা থাকলেও পায়ে হেঁটে কেওক্রাডং যাওয়ার সেই কষ্ট ও রোমাঞ্চই ছিল সবচেয়ে স্মরণীয় অভিজ্ঞতা।,0,normal,0,[]
"আগের ট্রেকিং অভিজ্ঞতা ছিল অনেক বেশি রোমাঞ্চকর, যা এখনকার সহজ ভ্রমণের সাথে তুলনীয় নয়।",0,normal,0,[]
Allah prodotto kichu jinish modify korte nei. 2015 te Boga Lake theke Keokradong trekking kore gechilam.,0,normal,0,[]
"2015 te Boga Lake to Keokradong trekking chilo real adventure, ekhon er travel er sathe compare kora jay na.",0,normal,0,[]
"আগের দিনের ট্রেকিং অভিজ্ঞতা ছিল অনেক বেশি অ্যাডভেঞ্চারাস, যা বর্তমান সহজ যাতায়াতের মধ্যে হারিয়ে গেছে।",0,normal,0,[]
"তিন্দু এলাকার পাহাড়, ঝরনা ও নীল-সবুজ পানির সৌন্দর্য বান্দরবানকে ভ্রমণপিপাসুদের জন্য এক স্বর্গীয় অভিজ্ঞতায় পরিণত করেছে।",0,normal,0,"['বান', 'দর']"
"Bandarbanner triple (Tindu area) paharri shundorjyo, jhorna ar nil-shobuj pani jeno sworgo moto.",0,normal,0,[]
"Tindu area, Bandarban is literally heaven for travelers—hills, waterfall and blue-green water amazing vibe.",0,normal,0,[]
তিন্দুর প্রাকৃতিক সৌন্দর্য ও ঝরনার শব্দ বান্দরবানকে ভ্রমণপ্রেমীদের কাছে এক অনন্য স্বর্গীয় অভিজ্ঞতা করে তোলে।,0,normal,0,"['বান', 'দর']"
দুর্গম পাহাড়ি এলাকায় পাকা রাস্তা নির্মাণ করায় বাংলাদেশ সেনাবাহিনীকে ধন্যবাদ জানানো হয়েছে।,0,normal,0,[]
"Dhonnobad Bangladesh Senabahini, ei durgom onchole pacca road toiri kore deyar jonno.",0,normal,0,[]
"Thanks Bangladesh Army, ei remote hill area te paved road bananor jonno.",0,normal,0,[]
দুর্গম এলাকায় যোগাযোগ ব্যবস্থা উন্নত করায় সেনাবাহিনীর প্রতি কৃতজ্ঞতা প্রকাশ করা হয়েছে।,0,normal,0,[]
আজিজনগর থেকে লামা পর্যন্ত পাহাড়ি ও বনাঞ্চল মিলে ট্র্যাকিংয়ের জন্য একটি সুন্দর রুট তৈরি হয়েছে।,0,normal,0,['লামা']
"Aziznagar theke Chiatolli, tarpor Gazalia hoye Lama—pahar o bon shomriddho ek oporup jayga.",0,normal,0,[]
"Aziznagar to Lama route is perfect for trekking—hill, forest everything amazing.",0,normal,0,[]
লামা অঞ্চলের এই পাহাড়ি পথ ও বনাঞ্চল ট্র্যাকিংপ্রেমীদের জন্য এক অসাধারণ অভিজ্ঞতা প্রদান করে।,0,normal,0,['লামা']
আলীকদম ও থানচির প্রাকৃতিক সৌন্দর্য একবার দেখলে যে কেউ মুগ্ধ হয়ে যাবে।,0,normal,0,"['আলীকদম', 'থানচি']"
"Vai, je ekbar Alikodom-Thanchi jabe, prokritir preme pore jabe.",0,normal,0,[]
"Vai, Alikodom-Thanchi once visit korlei nature er prem e pore jabe.",0,normal,0,[]
আলীকদম-থানচির সৌন্দর্য এমন যে একবার গেলে প্রকৃতির প্রতি গভীর ভালোবাসা জন্মায়।,0,normal,0,"['আলীকদম', 'থানচি']"
শীতকালে বিশেষ করে জানুয়ারি-ফেব্রুয়ারিতে নৌকায় বড় পাথর ও রেমাক্রি খাল ঘুরে দেখার সৌন্দর্য সবচেয়ে বেশি উপভোগ করা যায়।,0,normal,0,[]
"Ekhon theke January-February te noukay Boro Pathor, Remakri khal o jhorna dekhte beshi shundor lage.",0,normal,0,[]
"January-February te boat e Boro Pathor, Remakri khal visit korle water blue color e thake, best time for trip.",0,normal,0,[]
শীতের সময়ে নীল পানির কারণে রেমাক্রি ও বড় পাথর এলাকা নৌভ্রমণের জন্য সবচেয়ে আকর্ষণীয় হয়ে ওঠে।,0,normal,0,[]
তিন্দু ক্যাম্প থেকে আবুপাড়া পর্যন্ত নিয়মিত পায়ে হেঁটে টহল দিতে গিয়ে পাহাড়ি উঁচু-নিচু পথে অনেক কষ্ট হয়।,0,normal,0,[]
"Vai, amra proti niyoto Tindu camp theke Abupada porjonto paye hete patrol kori, onek kosto hoy.",0,normal,0,[]
"Vai, amra daily Tindu camp theke Abupada te foot patrol kori, hill route e lot of hardship hoy.",0,normal,0,[]
নিয়মিত পাহাড়ি পথে টহল দিতে গিয়ে তিন্দু-আবুপাড়া রুটে অনেক কঠিন অভিজ্ঞতার মুখোমুখি হতে হয়।,0,normal,0,[]
রাংলখ ঝরনার প্রাকৃতিক সৌন্দর্য সত্যিই মনোমুগ্ধকর।,0,normal,0,[]
Ranglakh jhorna sotti onek shundor.,0,normal,0,[]
Ranglakh waterfall really so beautiful.,0,normal,0,[]
রাংলখ ঝরনার সৌন্দর্য প্রকৃতিপ্রেমীদের মনকে সহজেই মুগ্ধ করে।,0,normal,0,[]
"বান্দরবানের লাংলক ঝরনা ও থানচির পাউ পাড়া প্রকৃতির লুকানো সৌন্দর্য, যা ভ্রমণ ভিডিওর মাধ্যমে আরও আকর্ষণীয় হয়ে উঠেছে।",0,normal,0,"['বান', 'দর', 'বানের', 'থানচি']"
Bandarbanner Langlak jhorna o Thanchi-r Pau para prokritir lukano ratno.,0,normal,0,[]
"Bandarban er Langlak waterfall and Pau para in Thanchi is like hidden gems of nature, travel video ta onek beautiful kore tule dhoreche.",0,normal,0,[]
বান্দরবানের গহীনের এই স্থানগুলো প্রকৃতির অপূর্ব সৌন্দর্যকে নতুনভাবে তুলে ধরে ভ্রমণপ্রেমীদের আকর্ষণ করে।,0,normal,0,"['বান', 'দর', 'বানের']"
পাহাড়ের ভোরের দৃশ্য এতটাই মনোমুগ্ধকর যে তা ভাষায় প্রকাশ করা কঠিন।,0,normal,0,[]
Paharer sokaler shundorjyo eto shundor je chokhe na dekhle bishash kora jay na.,0,normal,0,[]
Morning e hill view eto beautiful je dekha chara believe kora jay na.,0,normal,0,[]
পাহাড়ের ভোরের সৌন্দর্য এমনই অতুলনীয় যে তা বাস্তবে না দেখলে অনুভব করা যায় না।,0,normal,0,[]
"রাঙামাটির উন্নয়নের জন্য আধুনিক রাস্তাঘাট, পর্যটন বিকাশ এবং ন্যায্য ভূমি নীতির প্রয়োজন রয়েছে।",0,normal,0,['রাঙামাটির']
"Rangamati paharri elakar unnoyon joruri, road European style e kora uchit.",0,normal,0,[]
"Rangamati hill area development er jonno proper road system and tourism boost dorkar, then fast growth possible.",0,normal,0,[]
পরিকল্পিত উন্নয়ন ও পর্যটন খাতের প্রসারের মাধ্যমে রাঙামাটি দ্রুত আধুনিক ও সমৃদ্ধ অঞ্চলে পরিণত হতে পারে।,0,normal,0,['রাঙামাটি']
"তিন দিন আগে তিন্দু, সাংগু নদী এবং লাংলক ঝর্ণা ভ্রমণ করে এসেছি।",0,normal,0,[]
"Tin din age Tindu, Shangu nodi o Langlak jhorna ghure aschi.",0,normal,0,[]
"3 days ago Tindu, Shangu river and Langlak waterfall visit kore aschi, really nice experience chilo.",0,normal,0,[]
"তিন দিন আগের তিন্দু, সাংগু নদী ও লাংলক ঝর্ণা ভ্রমণটি ছিল এক অসাধারণ অভিজ্ঞতা।",0,normal,0,[]
"পাহাড়ি জনপদটি প্রকৃতি, ঝর্ণা ও মানুষের জীবনের এক অসাধারণ মিলনস্থল, যা গভীর মুগ্ধতা তৈরি করে।",0,normal,0,[]
"Oshadharon paharri jonopod. Pahar, jhorna ar opurbo shundorjyo.",0,normal,0,[]
"Such a beautiful hill area—pahar, waterfall and people’s life all together ekta amazing vibe create kore.",0,normal,0,[]
পাহাড়ি জনপদে প্রকৃতি ও মানুষের সহাবস্থান এক অনন্য সৌন্দর্য সৃষ্টি করেছে।,0,normal,0,[]
সেখানে সাধারণ মানুষের নিরাপত্তা নেই এবং পাহাড়িদের সম্পর্কে নেতিবাচক ধারণা প্রকাশ করা হয়েছে।,0,normal,0,[]
Okhane Bangladesh er sadharon manusher jan-maler nirapotta nei. Paharira onek voyongkor.,0,normal,0,[]
"Okhane general people der safety nei bole bola hoy, but ei perception ta controversial.",0,normal,0,[]
এ ধরনের মন্তব্য পুরো জনগোষ্ঠী সম্পর্কে ভুল ধারণা তৈরি করতে পারে এবং তা যাচাই করা প্রয়োজন।,0,normal,0,[]
খাগড়াছড়ির একজন মেয়ে হিসেবে নিজের জেলার প্রতি গভীর ভালোবাসা ও গর্ব প্রকাশ করা হয়েছে।,0,normal,0,[]
"Amar bari Khagrachhari. Ami Khagrachhari-r meye, amar jela amar gorbo.",0,normal,0,[]
"I am from Khagrachhari, amar district amar pride.",0,normal,0,[]
নিজের জন্মভূমি খাগড়াছড়ির প্রতি গভীর ভালোবাসা ও গর্ব প্রকাশ পেয়েছে।,0,normal,0,[]
নিজের জেলা খাগড়াছড়ির প্রাকৃতিক জীবন ও পরিবেশের প্রতি ভালোবাসা সময়ের সাথে আরও বেড়ে গেছে এবং শহরের জীবনের চেয়ে পাহাড়ি জীবনকে বেশি ভালো লাগছে।,0,normal,0,[]
"Ami Khagrachhari theke, ami ei jayga gulo te onek bar gechi. Ekhon bujhi city life er cheye nature life beshi bhalo.",0,normal,0,[]
"I am from Khagrachhari, onek bar ei places e giyechi. Ekhon feel kori city life er cheye hill life much better.",0,normal,0,[]
"সময় যত যাচ্ছে, শহরের জীবনের চেয়ে নিজের পাহাড়ি জেলার প্রাকৃতিক জীবনই বেশি আপন মনে হচ্ছে।",0,normal,0,[]
"খাগড়াছড়ি তার পাহাড়ি সৌন্দর্যের জন্য অসাধারণ, এবং ভিডিওটির মাধ্যমে সেটি আরও ভালোভাবে উপস্থাপিত হয়েছে।",0,normal,0,"['খাগ', 'ডা', 'ডি']"
Paharer oporup shundorjer jayga Khagrachhari. Video te aro shundor vabe dekha geche.,0,normal,0,[]
"Khagrachhari is really beautiful hill place, video ta diye aro bhalo kore dekha geche.",0,normal,0,[]
ভিডিওর মাধ্যমে খাগড়াছড়ির পাহাড়ি সৌন্দর্য আরও বেশি জীবন্তভাবে ফুটে উঠেছে।,0,normal,0,[]
"খাগড়াছড়ি ভ্রমণে গিয়ে শুধু আলুটিলা গুহা দেখা হয়েছিল, অন্যান্য স্পট সম্পর্কে জানা না থাকায় অনেক কিছু মিস হয়েছে।",0,normal,0,"['খাগ', 'ডা', 'ডি', 'মণ', 'গি', 'যে', 'আল', 'টিলা']"
"Ami 2023 te Khagrachhari gechilam, shudhu Alutila guha dekhechilam.",0,normal,0,[]
"2023 te Khagrachhari gechilam, only Alutila cave dekhechi, aro spots jana chilo na.",0,normal,0,[]
ভ্রমণ স্পট সম্পর্কে অজ্ঞতার কারণে খাগড়াছড়ি ভ্রমণে অনেক জায়গা দেখা হয়নি।,0,normal,0,"['অজ', 'তার', 'কারণে', 'খাগ', 'ডা', 'ডি']"
"দশ দিনের ভ্রমণে আমি খাগড়াছড়ি, বান্দরবান, রাঙামাটি, কক্সবাজার এবং সেন্টমার্টিন ঘুরে দেখেছি।",0,normal,0,"['বান', 'দর', 'রাঙামাটি', 'কক', 'সব', 'াজ', 'ার']"
"Ami Khagrachhari, Bandarban, Rangamati, Cox’s Bazar o Saint Martin e 10 diner tour e gechilam.",0,normal,0,[]
"10 days tour e Khagrachhari, Bandarban, Rangamati, Cox’s Bazar and Saint Martin ghurechi.",0,normal,0,[]
দশ দিনের এই ভ্রমণে বাংলাদেশের পাহাড় ও সমুদ্র একসাথে উপভোগ করার সুযোগ হয়েছিল।,0,normal,0,[]
"২০১০ সালের সেই ভ্রমণের স্মৃতি এখনো মনে আছে, যখন ফুফাতো ভাইয়ের সাথে খাগড়াছড়ির বিভিন্ন জায়গা ঘোরা হয়েছিল।",0,normal,0,[]
"Amar ekhono mone ache, 2010 te amar fufato vai Sohel Rana-r sathe ei jayga gulo ghurechilam.",0,normal,0,[]
"2010 te cousin Sohel Rana-r sathe Khagrachhari er onek places ghurechilam, still those memories fresh.",0,normal,0,[]
"পুরোনো সেই ভ্রমণের স্মৃতি এখনো জীবন্ত, যা খাগড়াছড়ির সাথে গভীর আবেগ জড়িয়ে আছে।",0,normal,0,[]
খাগড়াছড়িতে বসবাস করে নিজের জেলার প্রতি গভীর ভালোবাসা প্রকাশ করা হয়েছে।,0,normal,0,"['খাগ', 'ডা', 'ডি']"
Ami Khagrachhari te bash kori. Amar priyo Khagrachhari khub shundor.,0,normal,0,[]
"I live in Khagrachhari, amar district really very beautiful.",0,normal,0,[]
নিজ জেলার প্রতি ভালোবাসা থেকেই খাগড়াছড়ির সৌন্দর্য আরও বেশি প্রিয় হয়ে উঠেছে।,0,normal,0,[]
আলুটিলা ভ্রমণে গিয়ে স্বর্গের সিঁড়ি দেখতে না পাওয়ায় অভিজ্ঞতাটি অসম্পূর্ণ থেকে গেছে।,0,normal,0,"['আল', 'টিলা']"
"Alutila gechilam kintu Swarger siri dekha hoyni, tai miss korchi.",0,normal,0,[]
"Alutila te gechilam but Swarg er stair ta khuje pai nai, so miss hoye geche.",0,normal,0,[]
আলুটিলা ভ্রমণে স্বর্গের সিঁড়ি দেখতে না পাওয়ায় পুরো অভিজ্ঞতা অপূর্ণ মনে হয়েছে।,0,normal,0,"['আল', 'টিলা']"
"আলুটিলা ভ্রমণে গিয়ে গুহা, ঝরনা ও ঠান্ডা পানির অভিজ্ঞতা নেওয়া হয়েছে এবং আলোর সিঁড়িও দেখা হয়েছে।",0,normal,0,"['আল', 'টিলা']"
"Ami o Alutila guha gechi, jhorna dekhechi, thanda pani kheyechi.",0,normal,0,[]
"Ami o Alutila cave e gechi, jhorna dekhechi, cold water kheyechi—fun experience chilo.",0,normal,0,[]
আলুটিলা ভ্রমণে গুহা ও ঝরনার সৌন্দর্য উপভোগ করার অভিজ্ঞতা স্মরণীয় হয়ে আছে।,0,normal,0,"['আল', 'টিলা']"
খাগড়াছড়ির সৌন্দর্যে মুগ্ধ হয়ে এখানে ঘর কিনে রাখা হয়েছে এবং ছুটিতে এসে প্রকৃতির মাঝে সময় কাটানো হয়।,0,normal,0,[]
Khagrachhari onek shundor. Prokritir oporup drishyo dekhe ami bari kinechi.,0,normal,0,[]
Khagrachhari so beautiful je ami ekhane house purchase korechi. Vacation e asle nature er sathe time katai.,0,normal,0,[]
খাগড়াছড়ির প্রাকৃতিক সৌন্দর্যে মুগ্ধ হয়ে এখানে স্থায়ীভাবে একটি ঘর রাখা হয়েছে।,0,normal,0,[]
খাগড়াছড়ির পাহাড়ি এলাকায় ঘুরতে গিয়ে হাতির মাথা সিঁড়ি ওঠা অনেক কষ্টকর ছিল বলে অভিজ্ঞতা কষ্টের হলেও স্মরণীয়।,0,normal,0,[]
"Amar nanu bari Khagrachhari. Ami kalke gechilam, hatir matha siri te uthte giye payer obostha kharap hoye geche.",0,normal,0,[]
"Khagrachhari te giye Hatir Matha stairs e uthte giye leg kharap hoye geche, but experience ta memorable chilo.",0,normal,0,[]
"খাগড়াছড়ির পাহাড়ি সিঁড়ি বেয়ে ওঠার অভিজ্ঞতা যেমন কষ্টের, তেমনি স্মরণীয়।",0,normal,0,[]
খাগড়াছড়ি ও রাঙামাটিতে দীর্ঘদিন থাকার অভিজ্ঞতায় মানুষের ভালো আচরণ ও সুন্দর পরিবেশের কথা তুলে ধরা হয়েছে।,0,normal,0,"['খাগ', 'ডা', 'ডি', 'রাঙামাটিতে']"
Ami Khagrachhari te onek din chilam. Manush gulo bhalo.,0,normal,0,[]
"I stayed in Khagrachhari for long time, people here are really nice. Travelers der jonno perfect place Khagrachhari and Rangamati.",0,normal,0,[]
"খাগড়াছড়ি ও রাঙামাটির পরিবেশ, মানুষ এবং সৌন্দর্য ভ্রমণপ্রেমীদের জন্য অত্যন্ত উপযুক্ত।",0,normal,0,"['খাগ', 'ডা', 'ডি', 'রাঙামাটির']"
খাগড়াছড়িতে পর্যটন ও উন্নয়ন সম্ভাবনা থাকলেও পর্যাপ্ত প্রচার ও অবকাঠামোর অভাবে এটি অনেক সময় পিছিয়ে থাকে।,0,normal,0,"['খাগ', 'ডা', 'ডি']"
"Khagrachhari onek shomoy pichiye thake, kintu ekhane pahar, jhorna sobi ache. Proper tourism development nei.",0,normal,0,[]
"Khagrachhari te onek potential ache, but tourism development ar infrastructure er lack er jonno it’s still underdeveloped.",0,normal,0,[]
সঠিক পরিকল্পনা ও পর্যটন উন্নয়ন হলে খাগড়াছড়ির প্রাকৃতিক সম্ভাবনা আরও বেশি বিকশিত হতে পারত।,0,normal,0,[]
"রাঙামাটির গহীন পাহাড়ে ভিডিও করার অভিজ্ঞতা রয়েছে, তবে কিছু পাহাড় বেশ খাড়া ও কঠিন ছিল। স্বর্গের সিঁড়িতে যাওয়ার পরিকল্পনাও রয়েছে।",0,normal,0,['রাঙামাটির']
Shundor laglo. Ami o onek bar pahar e gechi video korar jonno Rangamati te.,0,normal,0,[]
"Nice experience chilo. Ami o onek bar Rangamati te hill e giye video shoot korechi, Swarger siri te jawar plan ache.",0,normal,0,[]
পাহাড়ি এলাকায় ভিডিও করার অভিজ্ঞতা থাকলেও কিছু স্থান বেশ চ্যালেঞ্জিং ছিল এবং ভবিষ্যতে আরও জায়গা ঘুরে দেখার ইচ্ছা রয়েছে।,0,normal,0,[]
চেঙ্গী নদীর তীরে অবস্থিত পানছড়ি বাজার পাহাড়ি জনজীবনের একটি গুরুত্বপূর্ণ স্থান।,0,normal,0,"['তীরে', 'অব', 'থি', 'পান', 'ডি']"
Khagrachharir Chengi nodir pare paharider Panchhari bazar.,0,normal,0,[]
"Chengi river side e Panchhari bazar, Khagrachhari te really important local market.",0,normal,0,[]
চেঙ্গী নদীর পাশে পানছড়ি বাজার পাহাড়ি জীবনের এক প্রাণবন্ত কেন্দ্র।,0,normal,0,"['নদীর', 'পাশে', 'পান', 'ডি']"
"২০০৯ সালের সেনা পরিবারের সেই বসবাসের স্মৃতি এখনো মনে পড়ে, যেখানে নদী ও ক্যাম্পের পাশে একটি সুন্দর পরিবেশ ছিল।",0,normal,0,[]
2009 sale ami amar babar job er jonno ekhane chilam. Ekhono mone pore.,0,normal,0,[]
"2009 te baba army te chilo, shei time e ekhane thaktam. Still place ta miss kori.",0,normal,0,[]
পুরনো সেই সেনা পরিবারের বসবাসের স্মৃতি আজও আবেগ জাগায়।,0,normal,0,[]
এই ধরনের মন্তব্য সংবেদনশীল এবং পার্বত্য অঞ্চলের জটিল সামাজিক বাস্তবতা নিয়ে বিতর্ক সৃষ্টি করে।,0,normal,0,[]
Settler Bangalira na thakle Pahar chattogram aro koto shundor hoto.,0,normal,0,[]
This type of comment is sensitive; Chittagong Hill Tracts is actually a diverse region.,0,normal,0,[]
পার্বত্য চট্টগ্রামের সৌন্দর্য ও বৈচিত্র্য সকল জনগোষ্ঠীর সহাবস্থানের সাথেই যুক্ত।,0,normal,0,[]
শীতকালে খাগড়াছড়ি ভ্রমণে নদীর তীরে হাঁটার সুন্দর অভিজ্ঞতা হয়েছিল।,0,normal,0,"['শীতকালে', 'খাগ', 'ডা', 'ডি']"
Shiter shomoy Khagrachhari te giye nodite hata hoyechilo.,0,normal,0,[]
Winter time e Khagrachhari te giye river side walk korar opportunity peyechilam.,0,normal,0,[]
শীতের খাগড়াছড়িতে নদীর ধারে হাঁটার অভিজ্ঞতা ছিল অত্যন্ত মনোমুগ্ধকর।,0,normal,0,"['শীতের', 'খাগ', 'ডা', 'ডি']"
চেঙ্গী নদী ও সবুজ পাহাড়ের মাঝে পানছড়ি বাজার পাহাড়ি জীবনের সৌন্দর্য ও বৈচিত্র্যকে তুলে ধরে।,0,normal,0,"['পা', 'হা', 'ডের', 'মাঝে', 'পান', 'ডি']"
Panchhari bazar er description mon vore dey. Chengi nodi ar sobuj pahar.,0,normal,0,[]
"Panchhari bazar really beautiful—river, hills and people’s simple life together amazing vibe create kore.",0,normal,0,[]
পানছড়ি বাজার পাহাড়ি জীবনের এক অনন্য সৌন্দর্য ও শান্ত পরিবেশের প্রতিচ্ছবি।,0,normal,0,"['পান', 'ডি']"
"আমার খুব প্রিয় বান্দরবান। I love Bandarban. আমি যখন দেশে যাই, বান্দরবান যাবই যাব। ভাইয়া, আপনার ভিডিও থেকে অনেক কিছু জানা ও শেখা যায়, এজন্য অনেক ধন্যবাদ। শুভকামনা—KSA, Dammam।",0,normal,0,"['বান', 'দর']"
"Amar khub priyo Bandarban. Ami jokhon deshe jai, Bandarban jaboi jabo. Video theke onek kichu shikha jai.",0,normal,0,[]
"Bandarban is my favorite place, ami jokhon Bangladesh jai definitely jabo. Your video te onek information pai, thanks a lot.",0,normal,0,[]
বিদেশে থাকলেও বান্দরবানের প্রতি ভালোবাসা সবসময় অটুট থাকে এবং ভ্রমণ ভিডিওগুলো তথ্যবহুল মনে হয়।,0,normal,0,"['বান', 'দর', 'বানের']"
বান্দরবান অসাধারণ প্রাকৃতিক সৌন্দর্যে ভরপুর এক স্বর্গীয় স্থান।,0,normal,0,"['বান', 'দর', 'ভর', 'পর']"
Bandarban is really a heaven type place with immense natural beauty.,0,normal,0,[]
অসীম প্রাকৃতিক সৌন্দর্যের কারণে বান্দরবানকে স্বর্গীয় স্থান বলা হয়।,0,normal,0,"['বান', 'দর']"
"এটা সলো ট্রাভেলারদের জন্য না। সরাসরি রাস্তায় গাইড জোর করে চাপিয়ে দেয়। সামনে স্পটগুলো খুললে যাওয়া যায়, যেমন ডাবল ফলস, জাদিপাই।",0,normal,0,[]
"একক ভ্রমণকারীদের জন্য জায়গাটি কিছুটা কঠিন, কারণ গাইড ছাড়া সহজে ঘোরা যায় না।",0,normal,0,[]
Solo traveller der jonno eta easy na. Guide chara jawa difficult.,0,normal,0,[]
"Solo travellers der jonno eta friendly na, guide force kore dey. Spots like Double Falls, Jadipai ache.",0,normal,0,[]
ভ্রমণ ব্যবস্থাপনার কারণে একা ভ্রমণকারীদের জন্য কিছুটা সীমাবদ্ধতা রয়েছে।,0,normal,0,[]
"বগালেক থেকে হেঁটে গিয়েছিলাম। কী এক যাত্রা ছিল! সকাল ৯টায় রওনা দিয়ে হেঁটে গিয়ে বিকেল ৫টায় পৌঁছাই। তখন কোনো লাক্সারি রিসোর্ট ছিল না, ছোট ছোট রুম ছিল। আমরা ৫ জন এক রুমে ছিলাম, বাথরুমও ছিল না।",0,normal,0,"['বগা', 'লেক']"
বগালেক থেকে দীর্ঘ হাঁটার মাধ্যমে পৌঁছানোর সেই কঠিন কিন্তু স্মরণীয় ভ্রমণের অভিজ্ঞতা বর্ণনা করা হয়েছে।,0,normal,0,"['বগা', 'লেক']"
"Bogalake theke hike kore gechilam, what a journey! 5 jon ek room e chilam, basic facilities chilo.",0,normal,0,[]
সেই সময়ের বগালেক ভ্রমণ ছিল কঠিন হলেও অত্যন্ত স্মরণীয় এক অভিজ্ঞতা।,0,normal,0,"['সেই', 'সময', 'ের', 'বগা', 'লেক']"
Homeland দেখে মনটা জুড়িয়ে যায়। কিন্তু এখনো পর্যন্ত হাতির মাথা যাওয়া হয়নি।,0,normal,0,[]
"নিজের জন্মভূমি দেখে ভালো লাগা তৈরি হয়, তবে হাতির মাথা এখনো দেখা হয়নি।",0,normal,0,[]
"Homeland dekhe mon full refresh hoy, but Hatir Matha ekhon o jawa hoy nai.",0,normal,0,[]
নিজের এলাকার সৌন্দর্য উপভোগের পাশাপাশি কিছু জায়গা এখনো দেখা বাকি রয়ে গেছে।,0,normal,0,[]
কামিলাছড়িতে বন্য হাতির তাণ্ডবে দুই নারী নিহত হওয়ার ঘটনায় এলাকায় শোকের ছায়া নেমে এসেছে।,1,wildlife attack,1,"['কামিলা', 'ডি']"
কাপ্তাইয়ের সড়কে হঠাৎ বন্য হাতির আক্রমণে দুই বৃদ্ধা নারীর প্রাণহানি ঘটে।,1,wildlife attack,1,"['কাপ', 'তাই']"
কাপ্তাইয়ের কামিলাছড়ি এলাকায় বন্য হাতির আক্রমণে দুই বৃদ্ধা নারীর মর্মান্তিক মৃত্যু হয়েছে।,1,wildlife attack,1,"['কাপ', 'তাই', 'যে', 'কামিলা', 'ডি']"
রোববার বিকেলে কাপ্তাই-আসামবস্তী সড়কে হাতির আক্রমণে প্রাণ হারান ঝর্ণা চাকমা ও সবিতা চাকমা।,1,wildlife attack,1,"['কাপ', 'তাই']"
কাপ্তাইয়ে বন্য হাতির আক্রমণের ঘটনায় নিহতের সংখ্যা দাঁড়িয়েছে দুইজনে।,1,wildlife attack,1,"['কাপ', 'তাই']"
হাতির আক্রমণে কাপ্তাই-আসামবস্তী সড়কে দুই নারী নিহত ও কয়েকটি যানবাহন ক্ষতিগ্রস্ত হয়েছে।,1,wildlife attack,1,"['কাপ', 'তাই']"
"Wild elephant attack on Kaptai-Asambasti road, 2 women killed and several vehicles damaged.",1,wildlife attack,1,[]
Kaptai te elephant attack er ghotonay local people onek panic e ache.,1,wildlife attack,1,[]
Kaptai road e sudden elephant attack e duijon woman mara gechen.,1,wildlife attack,1,[]
Wild elephant er hamlay Kaptai te tragic incident ghotese.,1,wildlife attack,1,[]
Kaptai-Asambasti road e elephant attack e koyekti janbahon khotigrosto hoy.,1,wildlife attack,1,[]
Robbar bikale Kaptai te ghote jawa hatir akromone duijon nari mara jan.,1,wildlife attack,1,[]
বন্য হাতির হামলায় নিহত মেশি মারমার স্বজনদের জন্য ৩ লাখ টাকার অনুদান প্রদান করা হয়েছে।,1,wildlife attack,1,[]
হাতির আক্রমণে নিহতের পরিবারকে ৩ লাখ টাকা প্রদান করেছে বন বিভাগ।,1,wildlife attack,1,[]
Meshi Marma-r family ke Forest Department theke 3 lakh taka grant deya hoyeche.,1,wildlife attack,1,[]
Bon Bibhag Meshi Marma-r family-r pashe dariye 3 lakh taka prodan koreche.,1,wildlife attack,1,[]
Kaukhali te elephant attack e nihoto byaktir poribar ke onudan deya hoyeche.,1,wildlife attack,1,[]
ফসলের জমিতে কাজ করার সময় হাতির আক্রমণে প্রাণ হারান এক কৃষক।,1,wildlife attack,1,[]
রাঙামাটিতে হাতির তাণ্ডবে একজন কৃষকের মৃত্যু হয়েছে।,1,wildlife attack,1,['রাঙামাটিতে']
Wild elephant er hamlay Rangamati te ek farmer nihoto hoyechen.,1,wildlife attack,1,[]
বন্য হাতির হামলায় আরেকটি প্রাণহানির ঘটনা ঘটেছে কাপ্তাইয়ে।,1,wildlife attack,1,"['কাপ', 'তাই']"
Bonno hatir akromon aro ekti pran kere nilo Kaptai te.,1,wildlife attack,1,[]
কাপ্তাই-আসামবস্তী সড়কের হাতির আক্রমণের ঘটনায় আরেকজনের মৃত্যু হয়েছে।,1,wildlife attack,1,"['কাপ', 'তাই']"
Kaptai road er elephant attack e injured victim treatment er somoy mara gechen.,1,wildlife attack,1,[]
কাউখালীতে হাতির আক্রমণে নিহতের পরিবার পেল আর্থিক সহায়তা।,1,wildlife attack,1,['কাউখালী']
"রাঙামাটিতে হাতির হামলায় কৃষকের মৃত্যু, এলাকায় শোকের ছায়া।",1,wildlife attack,1,['রাঙামাটিতে']
হাতির আক্রমণে আতঙ্কিত হয়ে পড়ে কাপ্তাইয়ের বনসংলগ্ন এলাকার বাসিন্দারা।,1,wildlife attack,1,"['কাপ', 'তাই']"
রাতে খাবারের সন্ধানে লোকালয়ে এসে হাতির আক্রমণে এক বৃদ্ধ আহত হয়েছেন।,1,wildlife attack,1,[]
কাপ্তাই-চন্দ্রঘোনা সড়কে বন্য হাতির আক্রমণে মোটরসাইকেল আরোহী আহত হয়েছেন।,1,wildlife attack,1,"['কাপ', 'তাই']"
রাঙামাটিতে লোকালয়ে ঢুকে পড়া বন্য হাতির আক্রমণে দুইজন আহত হয়েছেন।,1,wildlife attack,1,['রাঙামাটিতে']
কাউখালীর পাহাড়ি এলাকায় হাতির হামলায় ফসলের ব্যাপক ক্ষয়ক্ষতি হয়েছে।,1,wildlife attack,1,['কাউখালী']
কাপ্তাইয়ে হাতির আক্রমণে প্রাণ গেল স্থানীয় বাসিন্দার।,1,wildlife attack,1,"['কাপ', 'তাই']"
Rangamati te elephant attack e ekjon local resident mara gechen.,1,wildlife attack,1,[]
Wild elephant er hamlay Kaukhali te crop damage hoyeche.,1,wildlife attack,1,[]
Forest side village e wild elephant attack niye panic create hoyeche.,1,wildlife attack,1,[]
Wild elephant attack e motorbike rider seriously injured.,1,wildlife attack,1,[]
Kaptai te elephant attack er por local people atonke ache.,1,wildlife attack,1,[]
Bonno hatir tandobe koyekti fosholi jomi noshto hoye geche.,1,wildlife attack,1,[]
Lokaloye dhuke pora hatir hamlay ek briddho ahoto hoyechen.,1,wildlife attack,1,[]
"Ami jokhon Bandarban jai, mon ta automatically calm hoye jay, what a peaceful place.",0,normal,0,[]
"Bandarban er hill view gula literally mind blow kore dey, especially morning fog.",0,normal,0,[]
"Bandarban is seriously one of the most beautiful place in Bangladesh, ami bar bar jete chai.",0,normal,0,[]
"Bandarban trip ta always emotional hoy, nature so pure and peaceful.",0,normal,0,[]
Bogalake theke Kewkradong hike ta honestly one of the hardest journey of my life.,0,normal,0,[]
"Bogalake trekking e jaiya ami literally exhausted chilam, but happy o chilam.",0,normal,0,[]
Erokom trekking experience Bangladesh e khub kom jaygay pawa jay.,0,normal,0,[]
"Solo travel er jonno Bandarban sometimes difficult hoy, guide force kore dey.",0,normal,0,[]
"Guide chara spot visit kora onek jaygay allow kore na, eta annoying lage.",0,normal,0,[]
Rainy weather e hill area gula aro romantic and beautiful lage.,0,normal,0,[]
Nature er ei silence ta kothao pawa jay na city life e.,0,normal,0,[]
"Age trekking chilo real adventure, now everything is easy but emotion different.",0,normal,0,[]
Old Bandarban trip gular memory still fresh in my mind.,0,normal,0,[]
Amar mone hoy ager travel experience gula more real and challenging chilo.,0,normal,0,[]
Bandarban tourism is improving but still some remote area access limited.,0,normal,0,[]
Local people are very friendly in Bandarban region.,0,normal,0,[]
Nature conservation na korle future e ei beauty loss hoye jabe.,0,normal,0,[]
Tourist der jonno proper guide system improve kora dorkar.,0,normal,0,[]
Ot chakma der na...marma der pani utsob...biju na...biju hoi akdin...15 or 14 tarik...ata hosse sangrai...3 4 din hoi ata..15 tarik theke suru,0,normal,0,[]
"চাকমা নয়, এবং কি উৎসব টা বিজু নয়! উৎসব হচ্ছে মারমা সম্প্রদায়ে বড় উৎসব জল কেলি যেটা কে সবাই কমন ভাবে বলছে পানি খেলা",0,normal,0,[]
Pani khela chakma somprodayer ongsho noi eta muloto Marma Somprodayer festival,0,normal,0,[]
"সাংবিধানিকভাবে ওরা ক্ষুদ্র নৃ জন গোস্টি, বা উপজাতি । তাদেরকে আপনি আদিবাসী বলছেন কেন?",0,normal,0,[]
"আসলে কী বলব মামুন ভাই,আপনি আমাদের ঙাঁসায়হুম অভিযান এর পুরো সৃতিচারণ করিয়ে দিচ্ছেন, এখন মনে হচ্ছে আবারো চলে যায় দূর সীমানার কোন এক পাহাড়ে",0,normal,0,[]
পোয়ামুহুরী জিরো পয়েন্ট পর্যন্ত গিয়েছিলাম গত বছর। সেরা অভিজ্ঞতা,0,normal,0,[]
"আশ্চর্য লাগে ব্রিটিশ ক্যাপ্টেন লুইন কিভাবে চট্টগ্রাম, চকরিয়া, আলীকদম, মাতামুহুরী নদী, সাঙ্গু নদী ধরে ১৮৬২-৬৫ সালের দিকে রাখাইনের কালাদান নদী পর্যন্ত অভিযান করেছিলেন।…আপনাদের জন্য শুভকামনা",0,normal,0,['আলীকদম']
সরকারের উচিত পার্বত্য চট্টগ্রামের সুবিধা বঞ্চিত অঞ্চলে যথাযথ চিকিৎসা ও শিক্ষা নিশ্চিত করা। সৃষ্টিকর্তা পাহাড়ি ভাই-বোনদের ভালো রাখুন।,0,normal,0,[]
আমি আলিকদম এর পালং খৈয়াম পর্যন্ত গিয়েছিলাম,0,normal,0,[]
"আজিজনগর থেকে ছিয়াত্তলি অতঃপর গজালিয়া হয়ে লামা পাহাড় বন সমৃদ্ধ অপূর্ব , ট্র্যাকিং এর জন্য আদর্শ।",0,normal,0,['লামা']
বাঙালি উপজাতিদের থেকে পাহাড়িদের জীবন যাপন সম্পূর্ণ আলাদা,0,normal,0,[]
Vaiader sahoshikota ache. Place sundor but niribili place bipod ache so sabdhane thakte hobe. Amar pahar khub pochondo mone hocche jodi ami ai sondorjo kach theke dekhte partam,0,normal,0,[]
"বান্দরবানের নিষিদ্ধ এলাকাগুলোতে ভ্রমণ করাটা উনাদের উচিত হয়নি। পাহাড়ে যেকোনো সময় বড় বিপদ হতে পারতো, যার দায়ভার শেষ পর্যন্ত প্রশাসনের ওপরই পড়ত। সবারই উচিত সরকারি নির্দেশনা মেনে ভ্রমণ করা।",0,normal,0,"['বান', 'দর', 'বানের']"
পালি মেম্বর পাড়ায় একটা মোরগ নিছিলাম আড়াই কেজি ওজন এর খুব অল্প দামে এবং এক রাত ছিলাম পানির প্রচুর সংকট এই পাড়ায়,0,normal,0,[]
বান্দরবান লামা আমার নানুর বাড়ি অনেক মিস করি চাকমাদের সাথে কাটানো দিন গুলো,0,normal,0,"['বান', 'দর', 'লামা']"
পরবর্তীতে ব্যাকপ্যাক এর কালার গুলো এরকম উজ্জ্বল ব্যবহার করবেন না এমন কালার ব্যবহার করবেন যাতে জঙ্গলে দেখা না যায়,0,normal,0,[]
অসাধারণ এক্সপ্লোরেশন! ️ নাসাই হুং এর গহিন সৌন্দর্য আর পাহাড়ি জীবনের অভিজ্ঞতা অসাধারণ এক্সপ্লোরেশন! ⛰️ নাসাই হুং এর গহিন সৌন্দর্য আর পাহাড়ি জীবনের অভিজ্ঞতা চোখে জল এনে দেয় 🌿🔥 এমন অ্যাডভেঞ্চার সত্যিই অনুপ্রেরণাদায়ক!চোখে জল এনে দেয় এমন অ্যাডভেঞ্চার সত্যিই অনুপ্রেরণাদায়ক!,0,normal,0,[]
"Walking in the three hill districts, the hill tribes are beautiful brothers destination and learn to be human beings for you",0,normal,0,[]
পাহাড়ি মানুষগুলো যেমন মিশুক তেমনি ভয়ংকর৷ খুব সাবধান থাকবেন সবসময়,0,normal,0,[]
"পাহাড়ে গেলে আর ফিরে আসতে ইচ্ছা করেনা। তিন্দু রিমাক্রি ভ্রমণের অভিজ্ঞতা ছিল। এখনো মনে গেথে আছে। আপনার ভিডিও দেখে মনে হচ্ছে কত কিছুইনা দেখিনি আমার প্রিয় দেশটার। ভাল থাকবেন, শুভকামনা।",0,normal,0,[]
যেহেতু আমার জন্ম বান্দরবানে বর্ষামৌসুমে পাহাড় ভয়ংকর সুন্দর হয়,0,normal,0,"['বান', 'দর']"
আমাদের দেশে একমাএ পাহাড় বান্দরবান সেখানে যদি সব ডিজিটাল হয়ে যায় তাহলে আর পাহাড় থাকবে না।আর থাকবে না একমাএ ভ্রমন জায়গা,0,normal,0,"['বান', 'দর']"
"ক্রানসি পাড়ায় একজন আছে রেঙ্গমিচ্ছ্যা ভাষা জানে , পাড়ার কারবারি",0,normal,0,[]
যাচ্ছি নতুন করে আবার সেই নাসাইহুং এর আগের বার ম্যানহাট দিয়ে দুলু ঝিরি হয়ে ৬৭ পিলার গেছিলাম,0,normal,0,[]
"ভাইরে ভাই, পাহাড়ের এতো ভিতরে মানুষ থাকে কিভাবে।ভাই ওইখানে কি বিদ্যুৎ বা ইন্টারনেট পাওয়া যায় নাকি।",0,normal,0,[]
তারপরও পাহাড়িরা খারাপ তাই না ভাইয়া এত সুন্দর মাচাং ঘরে আশ্রয় দিয়েছে এবং ভাত তরকারি সবই সুবিধার্থে পেয়েছেন। থাকার জন্য জায়গা পেয়েছেন তারপরও পাহাড়িরা যেন খারাপ,0,normal,0,[]
"ডিসেম্বরের ২২ তারিখ দেশে এসে ২৪ তারিখ আন্ধারমানিক ট্যুরে গিয়েছিলাম, আগামীবছর আবার দেশে গেলে ইনশাআল্লাহ সাকা হাফং যাবো। যদি সম্ভব হয় তাহলে নাসাই হুং",0,normal,0,[]
Onek besii interesting bolar bahire Tar teke besi apnader sahos,0,normal,0,[]
ক্রিস্তং রুংরাং যাওয়ার সময় আমাদের গাইড ছিল রেঙওয়ে,0,normal,0,[]
যাতায়াত ব্যবস্থা আর নিরাপত্তা ব্যবস্থা ভালো হলে আমাদের পার্বত্য জেলা গুলো হতে পারত অনেক বড় পর্যটক এলাকা,0,normal,0,[]
Desh amarr ami jedik iccha jabo ora ke atkanor ar keno ami amar desh er shob kona chipay jaite parbo na,0,normal,0,[]
বাংলাদেশের ভূখণ্ডে এতো সুন্দর জায়গা আছে যেখানে পাহাড়ের মাঝ বরাবর ছুটে চলছে স্বচ্ছ পানির ঝিড়ি কত সুন্দর জায়গা,0,normal,0,[]
"অসাধারণ ব্লগ! মামুন ভাই আপনাদের অসংখ্য ধন্যবাদ। আমি বান্দরবান স্বর্ণ মন্দিরের থেকে ভিতরে আরো ১১ বছর আগে প্রায় ৬ মাস ছিলাম। অনেক ছোট থাকার কারণে ভ্রমণ বুঝিনি। তবে অনেক উপভোগ করেছি, ভিষণ মিস করতেছি দৃশ্য গুলো।",0,normal,0,"['বান', 'দর']"
"ছোটবেলায় পাহাড়ে গিয়েছিলাম ফুপাতো ভাইয়ের সাথে ঠিক সেই রকম ফিল পাচ্ছি ঝিড়ি,জংগল সব সেইম। আমাদের গ্রাম থেকে চিম্বুক ২০-২৫কিঃমি হবে।",0,normal,0,[]
"এটি চাকমাদের নয়, মারমা সম্প্রদায়ের পানি উৎসব ‘সাংগ্রাই’; বিজু একদিনের উৎসব, আর সাংগ্রাই সাধারণত ১৪ বা ১৫ তারিখে অনুষ্ঠিত হয়।",0,normal,0,[]
"Eta Chakmader noy, Marmader pani utsob Sangrai; Biju ekdiner utsob, ar Sangrai sadharonoto 14 ba 15 tarikhe hoy.",0,normal,0,[]
"Eta Chakma der na, Marma community er water festival Sangrai; Biju ek diner festival, ar Sangrai 14-15 tarikhe hoy.",0,normal,0,[]
এটি ঢাকার কোনো অনুষ্ঠান নয় এবং ত্রিপুরা সম্প্রদায়েরও নয়; এটি মারমা সম্প্রদায়ের অন্যতম প্রধান উৎসব।,0,normal,0,[]
Eta Dhakar kono onusthan noy ebong Tripura somprodayero noy; eti Marma somprodayer onnotomo prodhan utsob.,0,normal,0,[]
Eta Dhaka te noy ebong Tripura community r o na; eta Marma community r major festival.,0,normal,0,[]
"পানি খেলা মূলত মারমা সম্প্রদায়ের উৎসবের অংশ, চাকমা সম্প্রদায়ের নয়।",0,normal,0,[]
"Pani khela muloto Marma somprodayer utsober ongsho, Chakma somprodayer noy.",0,normal,0,[]
"Pani khela mainly Marma community r festival er part, Chakma der noy.",0,normal,0,[]
জলকেলি সাংগ্রাই উৎসবের অন্যতম আকর্ষণীয় আয়োজন।,0,normal,0,[]
Jolkeli Sangrai utsober onnotomo akorshoniyo ayojon.,0,normal,0,[]
Water play ta Sangrai festival er main attraction gulor moddhe ekta.,0,normal,0,[]
"Sotti oviggota ta chilo osadharon, ja sohoje volar moto noy.",0,normal,0,[]
"Honestly experience ta khub amazing chilo, easily bhola jabe na.",0,normal,0,[]
পাহাড়ি অঞ্চলের ইতিহাস ও প্রাকৃতিক সৌন্দর্য সত্যিই মুগ্ধ করার মতো।,0,normal,0,[]
Pahari oncholer itihash o prakritik soundorjo sotti mugdho korar moto.,0,normal,0,[]
Hill area r history ar natural beauty truly impressive.,0,normal,0,[]
Ami Parbotto jelagulote ekadhikbar vromon korar sujog peyechi.,0,normal,0,[]
Ami hill districts gulo te several times tour korechi.,0,normal,0,[]
"নিজস্ব অভিজ্ঞতা থেকে বলতে পারি, পাহাড়ের প্রাকৃতিক পরিবেশ সত্যিই অনন্য।",0,normal,0,[]
"Nijoshsho oviggota theke bolte pari, paharer prakritik poribesh sotti ononno.",0,normal,0,[]
"Personal experience theke bolte pari, hill area's natural environment unique.",0,normal,0,[]
পাহাড়ি জনগোষ্ঠীর জীবনযাত্রা সমতলের মানুষের তুলনায় অনেকটাই ভিন্ন।,0,normal,0,[]
Pahari jonogosthir jibonjatra somotoler manusher tulonay onektai vhinno.,0,normal,0,[]
Hill communities er lifestyle plain land er manusher cheye different.,0,normal,0,[]
জায়গাটি সুন্দর ও নিরিবিলি হলেও ভ্রমণের সময় সতর্ক থাকা প্রয়োজন।,0,normal,0,[]
Jaygati sundor o niribili holeo vromoner somoy sotorko thaka proyojon.,0,normal,0,[]
"Place ta beautiful and peaceful, but travel korar somoy careful thakte hobe.",0,normal,0,[]
তিন পার্বত্য জেলার মানুষ ও প্রকৃতি ভ্রমণকারীদের জন্য বিশেষ অভিজ্ঞতা এনে দেয়।,0,normal,0,[]
Tin Parbotto jelar manush o prokriti vromonkarider jonno bishesh oviggota ene dey.,0,normal,0,[]
Three hill districts er people and nature travelers der unique experience dey.,0,normal,0,[]
পাহাড়ি মানুষের সরলতা ও আন্তরিকতা ভ্রমণকারীদের মুগ্ধ করে।,0,normal,0,[]
Pahari manusher sorolota o antorikota vromonkarider mugdho kore.,0,normal,0,[]
Hill people der simplicity and hospitality sobar mon joy kore.,0,normal,0,[]
"পাহাড়ের স্মৃতি এখনো মনে দাগ কেটে আছে, তাই আবার সেখানে যেতে ইচ্ছে করে।",0,normal,0,[]
"Paharer smriti ekhono mone dag kete ache, tai abar sekhane jete iccha kore.",0,normal,0,[]
"Hill memories gulo ekhono fresh ache, tai abar visit korte iccha kore.",0,normal,0,[]
বান্দরবানের প্রাকৃতিক সৌন্দর্য দেশের অন্যতম আকর্ষণীয় পর্যটন সম্পদ।,0,normal,0,"['বান', 'দর', 'বানের']"
Bandarbaner prakritik soundorjo desher onnotomo akorshoniyo porjoton sompod.,0,normal,0,[]
Bandarban er natural beauty desher top tourist attraction gulor ekta.,0,normal,0,[]
বাংলাদেশের পাহাড়ি অঞ্চলগুলো প্রাকৃতিক সৌন্দর্যে ভরপুর।,0,normal,0,[]
Bangladesher pahari oncholgulo prakritik soundorje vorpur.,0,normal,0,[]
Bangladesh er hill areas gulo natural beauty te full.,0,normal,0,[]
চট্টগ্রাম থেকে কালাদান নদী পর্যন্ত ক্যাপ্টেন লুইনের অভিযান ইতিহাসের একটি উল্লেখযোগ্য ঘটনা।,0,normal,0,[]
British Captain Lewin kivabe Chattogram theke Kaladan river porjonto expedition korechilen ta really surprising.,0,normal,0,[]
সুবিধাবঞ্চিত পাহাড়ি এলাকায় স্বাস্থ্যসেবা ও শিক্ষাব্যবস্থা আরও শক্তিশালী করা দরকার।,0,normal,0,[]
পার্বত্য চট্টগ্রামের প্রত্যন্ত অঞ্চলে শিক্ষা ও চিকিৎসা সুবিধা নিশ্চিত করার দাবি রয়েছে।,0,normal,0,[]
Sorkarer uchit Parbotto Chattogramer subidhabonchito onchole jothajotho chikitsa o shikkha nishchit kora.,0,normal,0,[]
Government er uchit hill areas e proper healthcare ar education facilities ensure kora.,0,normal,0,[]
আজিজনগর-ছিয়াত্তলি-গজালিয়া-লামা রুটটি প্রাকৃতিক সৌন্দর্যে ভরপুর এবং ট্র্যাকিংয়ের জন্য উপযুক্ত।,0,normal,0,['লামা']
গজালিয়া ও লামা অঞ্চলের পাহাড়ি বনভূমি ট্র্যাকিংপ্রেমীদের কাছে বেশ জনপ্রিয়।,0,normal,0,['লামা']
Aziznagar theke Chhiattoli hoye Gajalia o Lama elakar pahari bonanchol trekking er jonno adorsho.,0,normal,0,[]
Aziznagar theke Lama route er hill forest trekking lovers der jonno perfect destination.,0,normal,0,[]
পালি মেম্বার পাড়ায় কম দামে একটি বড় মোরগ কিনেছিলাম এবং রাতে সেখানে অবস্থান করেছিলাম।,0,normal,0,[]
"Pali Member paray arai keji ojoner ekta morog kom dame kinechilam, tobe sekhane panir shongkot chilo.",0,normal,0,[]
"Pali Member para te low price e ekta rooster kinechilam, but water shortage chilo.",0,normal,0,[]
জঙ্গলে চলাচলের সময় উজ্জ্বল রঙের ব্যাকপ্যাকের পরিবর্তে অপেক্ষাকৃত সাধারণ রঙ ব্যবহার করা সুবিধাজনক।,0,normal,0,[]
"ট্র্যাকিংয়ের ক্ষেত্রে এমন ব্যাকপ্যাক ব্যবহার করা ভালো, যা পরিবেশের সঙ্গে সহজে মিশে যায়।",0,normal,0,[]
Porobortite backpack er jonno beshi ujjol rong byabohar na kore emon rong byabohar kora bhalo ja jongole kom chokhe pore.,0,normal,0,[]
Next time backpack er bright color avoid kore natural shade use korle jungle e less noticeable hobe.,0,normal,0,[]
"তিন্দু ও রিমাক্রি ভ্রমণের স্মৃতি এখনো মনে আছে, পাহাড়ের সৌন্দর্য সত্যিই ভোলার নয়।",0,normal,0,[]
Pahare gele ar fire aste iccha kore na. Tindu-Rimakri vromoner oviggota ekhono mone genthe ache.,0,normal,0,[]
"Hill area te gele back aste mon chay na, Tindu-Rimakri trip er experience ekhono fresh ache.",0,normal,0,[]
বর্ষাকালে বান্দরবানের পাহাড়ের সৌন্দর্য অন্য সময়ের তুলনায় আরও বেশি ফুটে ওঠে।,0,normal,0,"['বান', 'দর', 'বানের']"
বর্ষা মৌসুমে বান্দরবানের পাহাড় প্রকৃতির এক অনন্য রূপ ধারণ করে।,0,normal,0,"['বান', 'দর', 'বানের']"
বান্দরবানে জন্ম হওয়ার কারণে বর্ষার পাহাড়ি সৌন্দর্য কাছ থেকে দেখার সুযোগ পেয়েছি।,0,normal,0,"['বান', 'দর']"
"Amar jonmo Bandarbane, borsha mousume pahar bhoyongkor sundor hoye othe.",0,normal,0,[]
"Bandarban e born howay jani, rainy season e hill scenery really amazing hoy.",0,normal,0,[]
অতিরিক্ত উন্নয়ন পাহাড়ের স্বাভাবিক বৈশিষ্ট্যের ওপর প্রভাব ফেলতে পারে বলে অনেকের আশঙ্কা রয়েছে।,0,normal,0,[]
"বান্দরবানের প্রাকৃতিক পরিবেশ সংরক্ষণ করা জরুরি, যাতে এর সৌন্দর্য অক্ষুণ্ন থাকে।",0,normal,0,"['বান', 'দর', 'বানের']"
"Bandarbaner prakritik soundorjo rokkha kora proyojon, otirikto unnoyon er probhab porte pare.",0,normal,0,[]
Bandarban e excessive development hole natural hill beauty damage hote pare.,0,normal,0,[]
ক্রানসি পাড়ার কারবারি রেঙ্গমিচ্ছ্যা ভাষায় কথা বলতে পারেন।,0,normal,0,[]
Kransi paray ekjon karbari achen jini Rengmichchya vasha janen.,0,normal,0,[]
"Kransi para te ekjon karbari achen, tini Rengmichchya language janen.",0,normal,0,[]
"নাসাইহুংয়ে আবার ভ্রমণে যাওয়ার ইচ্ছা রয়েছে, আগেও ওই পথে গিয়েছিলাম।",0,normal,0,[]
আগের সফরে ম্যানহাট ও দুলু ঝিরি হয়ে ৬৭ পিলার পর্যন্ত পৌঁছেছিলাম।,0,normal,0,[]
নাসাইহুং অঞ্চলের আগের ভ্রমণের স্মৃতি মনে রেখেই আবার সেখানে যাওয়ার প্রস্তুতি চলছে।,0,normal,0,[]
"Abar Nasaihung jawar porikolpona korchi, agerbar Manhat hoye Dulu Jhiri diye 67 Pillar giyechilam.",0,normal,0,[]
"Again Nasaihung trip er plan korchi, last time Manhat ar Dulu Jhiri route diye 67 Pillar giyechilam.",0,normal,0,[]
মাচাং ঘরে থাকার সুযোগ ও খাবারের ব্যবস্থা পাওয়া পাহাড়ি মানুষের অতিথিপরায়ণতার উদাহরণ।,0,normal,0,[]
পাহাড়ি মানুষের আতিথেয়তা ও সহযোগিতা অনেক ভ্রমণকারীর কাছে প্রশংসিত।,0,normal,0,[]
Paharira machang ghore asroy diyeche ebong khabarer byabosthao koreche.,0,normal,0,[]
"Hill people machang house e shelter diyeche ar food arrangement o koreche, eta tader hospitality er proman.",0,normal,0,[]
"ভ্রমণটি যেমন রোমাঞ্চকর, তেমনি এতে অংশ নেওয়ার জন্য অনেক সাহসের প্রয়োজন।",0,normal,0,[]
"Onek beshi interesting oviggota, tar cheyeo beshi proshongshoniyo apnader sahos.",0,normal,0,[]
"Experience ta really interesting, but tar cheye beshi impressive holo apnader courage.",0,normal,0,[]
ক্রিস্তং রুংরাং সফরে রেঙওয়ে আমাদের পথপ্রদর্শকের দায়িত্ব পালন করেছিলেন।,0,normal,0,[]
রেঙওয়ের সহায়তায় আমরা ক্রিস্তং রুংরাং ভ্রমণ সম্পন্ন করেছি।,0,normal,0,[]
ক্রিস্তং রুংরাং যাওয়ার পথে স্থানীয় গাইড হিসেবে রেঙওয়ে ছিলেন।,0,normal,0,[]
Kristong Rungrang jawar somoy amader guide chilen Rengwaye.,0,normal,0,[]
Kristong Rungrang trip e amader guide chilen Rengwaye.,0,normal,0,[]
উন্নত যোগাযোগ ও নিরাপত্তা নিশ্চিত করা গেলে পার্বত্য অঞ্চলে পর্যটন আরও বিকশিত হতো।,0,normal,0,[]
ভালো অবকাঠামো থাকলে পার্বত্য জেলাগুলো পর্যটকদের জন্য আরও আকর্ষণীয় হয়ে উঠত।,0,normal,0,[]
Jatayat byabostha ar nirapotta byabostha bhalo hole Parbotto jelagulo boro porjoton elaka hote parto.,0,normal,0,[]
Transportation ar security system better hole hill districts huge tourist destination hote parto.,0,normal,0,[]
পাহাড় আর স্বচ্ছ ঝিরির সমন্বয়ে দেশের কিছু স্থান অসাধারণ সৌন্দর্যের অধিকারী।,0,normal,0,[]
পাহাড়ের বুক চিরে বয়ে যাওয়া ঝিরিগুলো দেশের প্রাকৃতিক সৌন্দর্যের অন্যতম নিদর্শন।,0,normal,0,[]
"Bangladesher pahari elakay swachchho panir jhiri probahito hoyeche, ja khub sundor.",0,normal,0,[]
Bangladesh e onek beautiful place ache jekhane hill er maj diye crystal clear jhiri boye geche.,0,normal,0,[]
"শৈশবে বান্দরবানের ভেতরের এলাকায় দীর্ঘ সময় কাটিয়েছিলাম, সেই স্মৃতিগুলো এখনো মনে আছে।",0,normal,0,"['বান', 'দর', 'বানের']"
স্বর্ণ মন্দির সংলগ্ন এলাকায় কাটানো দিনগুলোর স্মৃতি আজও আমাকে নস্টালজিক করে তোলে।,0,normal,0,[]
"11 bochor age Bandarban Swarna Mondirer vetorer elakay pray 6 mash chilam, shei smriti ekhono mone ache.",0,normal,0,[]
"11 years age Bandarban Swarna Mondir area te 6 months chilam, ekhon oi memories gula khub miss kori.",0,normal,0,[]
ফুপাতো ভাইয়ের সঙ্গে পাহাড়ে ঘোরার অভিজ্ঞতার সঙ্গে ভিডিওর দৃশ্যগুলোর অনেক মিল খুঁজে পেয়েছি।,0,normal,0,[]
ঝিরি ও জঙ্গলের দৃশ্য দেখে ছোটবেলার ভ্রমণের কথা মনে পড়ে গেল।,0,normal,0,[]
"Chotobelay fupato bhaiyer sathe pahare giyechilam, video dekhe shei smriti abar mone pore gelo.",0,normal,0,[]
"Video ta dekhe childhood hill trip er same feeling pachchi, jhiri ar jungle shob same mone hocche.",0,normal,0,[]
"Bandarban er hill view gula honestly next level, ekbar gele abar jete mon chay.",0,normal,0,[]
Tindu-Rimakri trip er experience ta ekhono vulte pari nai.,0,normal,0,[]
Rainy season e Bandarban er natural beauty onno level e chole jay.,0,normal,0,[]
Ei route ta trekking lovers der jonno perfect destination.,0,normal,0,[]
Kristong Rungrang jawar somoy local guide onek helpful chilo.,0,normal,0,[]
Hill area te travel korle proper safety maintain kora dorkar.,0,normal,0,[]
Video ta dekhe mone hocche Bangladesh er onek hidden place ekhono dekha hoyni.,0,normal,0,[]
Pahari manushder hospitality amar kache really impressive legeche.,0,normal,0,[]
Nasaihung trip ta challenging chilo but experience ta amazing.,0,normal,0,[]
Chimbuk er dike gele road er view gula oshadharon lage.,0,normal,0,[]
Transportation ar security system improve hole tourist aro barbe.,0,normal,0,[]
Bandarban er remote area gulor scenery camera te puro capture kora jay na.,0,normal,0,[]
Swarna Mondir er vetorer area ta khub peaceful ekta place.,0,normal,0,[]
Trekking route e clear water jhiri gula journey ke aro enjoyable kore.,0,normal,0,[]
Pahari village gulor environment onek calm and refreshing.,0,normal,0,[]
Ei adventure trip e courage na thakle complete kora tough.,0,normal,0,[]
Local guide chara ei route e trekking kora besh risky hote pare.,0,normal,0,[]
Hill district gulor culture ar lifestyle jante parata ekta unique experience.,0,normal,0,[]
Bandarban er offbeat location gulo amar sobcheye favorite.,0,normal,0,[]
"Childhood e giyechilam, ekhon video dekhe same nostalgic feeling hocche.",0,normal,0,[]
Pahari area te night stay korar experience ta totally different.,0,normal,0,[]
Crystal clear jhiri ar green hill er combination ta just awesome.,0,normal,0,[]
Long trekking er por summit er view dekhe shob koshto bhule gechilam.,0,normal,0,[]
"Ei destination ta ekhono mass tourism er baire ache, etai bhalo.",0,normal,0,[]
Remote hill village e giye local life dekhata amar kache best part chilo.,0,normal,0,[]
"বান্দরবানের আলীকদম–থানচি সড়কের ১৬ কিলোমিটার এলাকায় নিয়ন্ত্রণ হারিয়ে একটি মোটরসাইকেল প্রায় ১,০০০ ফুট গভীর খাদে পড়ে যায়। এতে মোটরসাইকেলে থাকা দুই আরোহী গুরুতর আহত হন।",1,road accident,1,"['বান', 'দর', 'বানের', 'আলীকদম', 'থানচি']"
বরকল বাঙালটিলা এলাকায় আজ আনুমানিক বিকেল ৫টার দিকে একটি যাত্রীবাহী বার্মাবোট নদীতে ডুবে যায়। নৌকাটিতে থাকা ৮ জন যাত্রীর মধ্যে ৭ জনকে উদ্ধার করা হলেও একজন এখনও নিখোঁজ রয়েছেন। নিখোঁজ ব্যক্তির সন্ধানে উদ্ধার তৎপরতা অব্যাহত রয়েছে। সূত্র: বরকল উপজেলা প্রেসক্লাব,1,waterway,1,"['বরকল', 'বাঙাল', 'টিলা']"
"ভারি বর্ষণের ফলে রাঙামাটির ঘাগড়া এলাকায় পাহাড় ধসে মাটি সড়কে এসে পড়ায় যানবাহন চলাচলে চরম দুর্ভোগ সৃষ্টি হয়েছে। এরই মধ্যে আজ সোমবার সকাল ৬টা ৪০ মিনিটে রাঙামাটিগামী পাহাড়িকা বাসটি দুর্ঘটনার কবলে পড়ে। ​স্থানীয় সূত্রে জানা গেছে, বৃষ্টির কারণে পাহাড়ের মাটি ধসে রাস্তায় চলে আসায় বাসটি দুর্ঘটনার শিকার হয়। তবে ভাগ্যক্রমে কোনো হতাহতের ঘটনা ঘটেনি। বাসটি বড় ধরনের দুর্ঘটনার হাত থেকে রক্ষা পেলেও, এ ঘটনার পর থেকে যাত্রীদের মধ্যে আতঙ্ক ছড়িয়ে পড়ে এবং যাত্রীরা চরম দুর্ভোগে পড়েন। ​সংশ্লিষ্ট কর্তৃপক্ষ জানিয়েছেন, পরিস্থিতি স্বাভাবিক করতে দ্রুত ব্যবস্থা গ্রহণ করা হচ্ছে।",1,road accident,1,"['রাঙামাটির', 'রাঙামাটি']"
রাঙ্গামাটির বরকলে নৌকাডুবিতে নিখোঁজ যুবকের মরদেহ উদ্ধার।,1,waterway,1,['বরকল']
রাঙামাটি শহরের রিজার্ভ বাজার নতুন বাস স্টেশনের এলাকায় আজ বিকালে সিএনজি সমিতির সামনে একটি বাস নিয়ন্ত্রণ হারিয়ে দুর্ঘটনার কবলে পড়ে। এ ঘটনায় এক বৃদ্ধ ও এক শিশু আহত হন। দুর্ঘটনায় সিএনজি ও দোকানপাট ক্ষতিগ্রস্ত হয়েছে।,1,road accident,1,"['রাঙামাটি', 'রিজা', 'বাজার']"
"চাষের অজুহাতে পাহাড় ধ্বং-স, রাঙামাটিতে অনুমোদন ছাড়াই চলছে প্রকাশ্য পাহাড় কা-টা।",1,crime,0,['রাঙামাটিতে']
খাগড়াছড়ি থেকে চট্টগ্রামগামী বিআরটিসি বাসের ধাক্কায় দুই মোটরসাইকেল আরোহীর মৃ*ত্যু। বাসে আগুন দেয় বিক্ষুদ্ধরা। ফটিকছড়িতে এ ঘটনা ঘটে।,1,road accident,1,"['খাগ', 'ডা', 'ডি', 'ফটিক']"
"চোখের সামনে ঘটে গেল ভয়াবহ দুর্ঘটনা! আলুটিলা যাওয়ার পথে এই দুর্ঘটনার দৃশ্যটি ক্যামেরাবন্দী করি। গতকাল বিকেলে আমরা গাড়িতে করে খাগড়াছড়ির আলুটিলার দিকে যাচ্ছিলাম। পথে আলুটিলা রোডে দুটি জীপ গাড়ির মুখোমুখি সংঘর্ষের পরের দৃশ্য দেখতে পাই এবং তখনই এই ভিডিওটি ধারণ করি। সেসময় বৃষ্টি হচ্ছিল এবং রাস্তা বেশ পিছল ছিল। ঘটনাস্থলে দায়িত্বরত টুরিস্ট পুলিশ আমাদের সবাইকে সতর্ক করে বলেন, রাস্তা পিচ্ছিল, তাই সাবধানে চলাচল করতে। পাহাড়ি রাস্তায়, বিশেষ করে বর্ষাকালে, নিরাপদ গতিতে গাড়ি চালানো অত্যন্ত গুরুত্বপূর্ণ। সবাই নিরাপদে ভ্রমণ করুন। ",1,road accident,0,"['আল', 'টিলা', 'খাগ', 'ডা', 'ডির', 'পথে']"
"রাঙামাটির কাপ্তাই হ্রদে গোসলে নেমে নিখোঁজ কিশোরের মরদেহ উদ্ধার. কাপ্তাই হ্রদে গোসল করতে নেমে নিখোঁজ, ৬ ঘণ্টা পর নবজিৎ চাকমার মরদেহ উদ্ধার. রাঙামাটির কাপ্তাই হ্রদে গোসল করতে নেমে পানিতে ডুবে নিখোঁজ হওয়ার প্রায় ৬ ঘণ্টা পর নবজিৎ চাকমা (১৯) নামে এক যুবকের মরদেহ উদ্ধার করা হয়েছে। স্থানীয় সূত্রে জানা যায়, শনিবার (৩০ মে) দুপুর আনুমানিক ১২টার দিকে নবজিৎসহ ৭-৮ জন বন্ধু ইঞ্জিনচালিত একটি নৌকায় করে রাঙ্গামাটি সদর উপজেলার বালুখালী ইউনিয়ন সংলগ্ন কাপ্তাই হ্রদে ঘুরতে যান। একপর্যায়ে তারা হ্রদে গোসল করতে নামলে নবজিৎ পানিতে তলিয়ে গিয়ে নিখোঁজ হন।ঘটনার পরপরই স্থানীয় লোকজন ও ফায়ার সার্ভিসের উদ্ধারকারী দল তাকে খুঁজে বের করার জন্য অভিযান শুরু করে। দীর্ঘ অনুসন্ধানের পর নিখোঁজের প্রায় ৬ ঘণ্টা পর সন্ধ্যার দিকে হ্রদ থেকে নবজিৎ চাকমার মরদেহ উদ্ধার করা হয়।",1,waterway,1,"['রাঙামাটির', 'কাপ', 'তাই', 'হর', 'দে', 'দপ']"
খাগড়াছড়ি আলুটিলা কিছুক্ষণ আগের ঘটনা প্রাইভেট কার আর বাস দুর্ঘটনা শিকার হয়,1,road accident,1,"['খাগ', 'ডা', 'ডি', 'আল', 'টিলা']"
আপনার এই বান্দরবনের নাসাই হোম অ্যাডভেঞ্চার ম্যান ভার্সেস ওয়াইল্ড বিয়ার গ্রিলসের প্রোগ্রামের মত মনে হয়। মনের ভিতর কেমন যেন অন্যরকম একটি রোমাঞ্চকর অ্যাডভেঞ্চার ফিলিং হয়।,0,normal,0,[]
আলীকদম–থানচি সড়কে মোটরসাইকেল দুর্ঘটনায় দুইজন গুরুতর আহত হয়েছেন।,1,road accident,1,"['আলীকদম', 'থানচি']"
বান্দরবানের আলীকদম–থানচি সড়কে দুর্ঘটনায় মোটরসাইকেল আরোহী দুই ব্যক্তি গুরুতর আহত হয়েছেন।,1,road accident,1,"['বান', 'দর', 'বানের', 'আলীকদম', 'থানচি']"
Alikadam–Thanchi soroker 16 kilometer elakay motorcycle khade pore dui arohi gurutor ahoto hon.,1,road accident,1,[]
Alikadam–Thanchi road e motorcycle accident e 2 rider seriously injured hoyechen.,1,road accident,1,[]
বরকলের বাঙালটিলা এলাকায় যাত্রীবাহী একটি বার্মাবোট নদীতে ডুবে গেলে ৭ জনকে উদ্ধার করা হলেও একজন এখনও নিখোঁজ রয়েছেন।,1,waterway,1,"['বরকল', 'ের', 'বাঙাল', 'টিলা']"
বরকলের বাঙালটিলা এলাকায় নৌকাডুবির ঘটনায় এক যাত্রীর সন্ধান পাওয়া যায়নি।,1,waterway,1,"['বরকল', 'ের', 'বাঙাল', 'টিলা']"
যাত্রীবাহী বার্মাবোট ডুবে যাওয়ার পর সাতজনকে জীবিত উদ্ধার করা হয়েছে।,1,waterway,1,[]
বরকল এলাকায় নদীতে নৌকা ডুবির ঘটনায় একজন নিখোঁজ থাকায় উদ্ধার অভিযান চলছে।,1,waterway,1,['বরকল']
Barkoler Bangaltila elakay jatribahi Burma boat dube giye ekjon nikhonj royechen.,1,waterway,1,[]
Barkol e passenger Burma boat dube jawar ghotonay 1 jon still missing achen.,1,waterway,1,[]
"ভারি বর্ষণে রাঙামাটির ঘাগড়া এলাকায় পাহাড় ধসে সড়কে মাটি এসে পড়ায় রাঙামাটিগামী পাহাড়িকা বাস দুর্ঘটনার কবলে পড়ে, তবে কোনো হতাহতের ঘটনা ঘটেনি।",1,road accident,1,"['রাঙামাটির', 'রাঙামাটি']"
ঘাগড়া এলাকায় পাহাড়ধসের কারণে সড়কে মাটি জমে বাস দুর্ঘটনার ঘটনা ঘটেছে।,1,road accident,1,[]
ভারি বৃষ্টির ফলে সৃষ্ট পাহাড়ধসে রাঙামাটিগামী একটি বাস দুর্ঘটনায় পড়লেও কেউ আহত হননি।,1,road accident,1,['রাঙামাটি']
পাহাড়ধসের কারণে সড়ক ঝুঁকিপূর্ণ হয়ে পড়ায় পাহাড়িকা বাসটি দুর্ঘটনার শিকার হয়।,1,road accident,1,[]
Ghagra elakay pahar dhose rastay mati pore Paharika bus durghotonar kobole pore.,1,road accident,1,[]
"Heavy rainfall er karone landslide hoye Paharika bus accident e poreche, tobe kono casualty nei.",1,road accident,1,[]
"রাঙামাটি শহরের রিজার্ভ বাজার নতুন বাস স্টেশন এলাকায় একটি বাস নিয়ন্ত্রণ হারিয়ে দুর্ঘটনার কবলে পড়ে, এতে এক বৃদ্ধ ও এক শিশু আহত হন।",1,road accident,1,"['রাঙামাটি', 'রিজা', 'বাজার']"
রিজার্ভ বাজার এলাকায় বাস দুর্ঘটনায় দুইজন আহত হয়েছেন।,1,road accident,1,"['রিজা', 'বাজার']"
নিয়ন্ত্রণ হারানো একটি বাস সিএনজি সমিতির সামনে দুর্ঘটনায় পড়লে একজন বৃদ্ধ ও একটি শিশু আহত হয়।,1,road accident,1,[]
রাঙামাটি শহরে বাস দুর্ঘটনায় সিএনজি ও কয়েকটি দোকানপাট ক্ষতিগ্রস্ত হয়েছে।,1,road accident,1,['রাঙামাটি']
Reserve Bazar notun bus station elakay bus niyontron hariye durghotonay pore dui jon ahoto hon.,1,road accident,1,[]
Rangamati Reserve Bazar e bus control hariye accident koray 1 briddho o 1 shishu injured hoyeche.,1,road accident,1,[]
রাঙামাটিতে কৃষিকাজের নামে অবৈধভাবে পাহাড় কাটার অভিযোগ উঠেছে।,1,crime,1,['রাঙামাটিতে']
অনুমতি ছাড়া পাহাড় কাটার কারণে রাঙামাটিতে পরিবেশের ক্ষতির আশঙ্কা দেখা দিয়েছে।,1,crime,0,['রাঙামাটিতে']
চাষের জন্য জমি তৈরির নামে রাঙামাটিতে প্রকাশ্যে পাহাড় ধ্বংস করা হচ্ছে বলে অভিযোগ রয়েছে।,1,crime,0,['রাঙামাটিতে']
Rangamati te chasher ojuhate onumodon charai prokashye pahar kata cholche.,1,crime,1,[]
Rangamati te cultivation er ojuhate illegal hill cutting cholche.,1,crime,0,[]
ফটিকছড়িতে বিআরটিসি বাসের সঙ্গে সংঘর্ষে দুই মোটরসাইকেল আরোহী নিহত হয়েছেন।,1,road accident,1,"['ফটিক', 'ডি']"
চট্টগ্রামগামী একটি বিআরটিসি বাসের ধাক্কায় দুই মোটরসাইকেল আরোহীর মৃত্যু হয়েছে বলে জানা গেছে।,1,road accident,1,[]
"BRTC bus er dhakkay dui motorcycle arohir mrityu hoyeche, pore base agun deya hoy.",1,road accident,1,[]
"BRTC bus accident e 2 motorcycle rider mara gechen, pore angry locals bus e fire dey.",1,road accident,1,[]
খাগড়াছড়ির আলুটিলা সড়কে দুটি জিপ গাড়ির মুখোমুখি সংঘর্ষের ঘটনা ঘটেছে।,1,road accident,1,"['খাগ', 'ডা', 'ডির', 'আল', 'টিলা']"
বৃষ্টির মধ্যে পিচ্ছিল সড়কে আলুটিলা এলাকায় দুই জিপ গাড়ির সংঘর্ষের ঘটনা দেখা গেছে।,1,road accident,1,"['পিচ', 'ছিল', 'ডক', 'আল', 'টিলা']"
খাগড়াছড়ির আলুটিলা রোডে দুই জিপের মুখোমুখি দুর্ঘটনায় যান চলাচলে সাময়িক বিঘ্ন ঘটে।,1,road accident,1,"['খাগ', 'ডা', 'ডির', 'আল', 'টিলা']"
Alutila road e duti jeep garir mukhomukhi songhorsher ghotona ghoteche.,1,road accident,1,[]
Khagrachari Alutila road e dui jeep er head-on collision hoyeche.,1,road accident,1,[]
কাপ্তাই হ্রদে পানিতে ডুবে নিখোঁজ হওয়া নবজিৎ চাকমার মরদেহ উদ্ধার করেছে উদ্ধারকারী দল।,1,waterway,1,"['কাপ', 'তাই', 'হর', 'দে']"
গোসল করতে নেমে নিখোঁজ যুবকের মরদেহ ছয় ঘণ্টা পর হ্রদ থেকে উদ্ধার করা হয়েছে।,1,waterway,1,[]
রাঙামাটির কাপ্তাই হ্রদে ডুবে যাওয়ার ঘটনায় এক যুবকের মৃত্যু হয়েছে।,1,waterway,1,"['রাঙামাটির', 'কাপ', 'তাই', 'হর', 'দে']"
Kaptai hrode gosol korte neme nikhonj Nobjit Chakmar mordeh 6 ghonta por uddhar kora hoyeche.,1,waterway,1,[]
Kaptai lake e swimming korte giye missing howa Nobjit Chakmar dead body 6 ghonta por recover kora hoyeche.,1,waterway,1,[]
আলুটিলায় বাস ও প্রাইভেট কারের সংঘর্ষের ঘটনা ঘটেছে।,1,road accident,1,"['আল', 'টিলা']"
খাগড়াছড়ির আলুটিলা সড়কে বাস ও ব্যক্তিগত গাড়ির দুর্ঘটনা ঘটেছে।,1,road accident,1,"['খাগ', 'ডা', 'ডির', 'আল', 'টিলা']"
আলুটিলা এলাকায় সড়ক দুর্ঘটনায় একটি বাস ও প্রাইভেট কার ক্ষতিগ্রস্ত হয়েছে।,1,road accident,1,"['আল', 'টিলা']"
Khagrachari Alutila elakay private car o bus durghotonar shikar hoyeche.,1,road accident,1,[]
Alutila area te private car ar bus accident er ghotona ghoteche.,1,road accident,1,[]
বান্দরবানের নাসাই হোমে গেলে যেন ‘ম্যান ভার্সেস ওয়াইল্ড’-এর মতো এক রোমাঞ্চকর অভিযানের অনুভূতি পাওয়া যায়।,0,normal,0,"['বান', 'দর', 'বানের']"
বান্দরবানের নাসাই হোমের পরিবেশ বিখ্যাত অ্যাডভেঞ্চার শোর মতো ভিন্নধর্মী রোমাঞ্চের অনুভূতি দেয়।,0,normal,0,"['বান', 'দর', 'বানের']"
নাসাই হোমে অবস্থান করলে মনে হয় যেন কোনো অ্যাডভেঞ্চার অভিযানের অংশ হয়ে গেছি।,0,normal,0,[]
বান্দরবানের নাসাই হোম প্রকৃতিপ্রেমীদের জন্য এক অনন্য রোমাঞ্চকর অভিজ্ঞতা তৈরি করে।,0,normal,0,"['বান', 'দর', 'বানের']"
Bandarbaner Nasai Home e gele jeno Man Versus Wild er moto romanchokor adventure feeling hoy.,0,normal,0,[]
Bandarban er Nasai Home e gele Man vs Wild type adventure feeling paoa jay.,0,normal,0,[]
Bandarban er Nasai Home e gele Bear Grylls er adventure show er moto ekta exciting feeling kaj kore.,0,normal,0,[]
Ei Nasai Home ta dekhe mone hoy jeno Man vs Wild style er real adventure experience nichchi.,0,normal,0,[]
Bandarban er Nasai Home purotai ekta wilderness adventure vibe create kore.,0,normal,0,[]
Nasai Home er environment dekhe mone hoy adventure documentary r kono live scene er moddhe achi.,0,normal,0,[]
Ei jaygata visit korle moner moddhe ekta unique adventure thrill ar exploration feeling chole ashe.,0,normal,0,[]